fixed acidity,volatile acidity,citric acid,residual sugar,chlorides,free sulfur dioxide,total sulfur dioxide,density,pH,sulphates,alcohol,quality,Id
7.4,0.7,0.0,1.9,76,11.0,34.0,9.978,3.51,0.56,9.4,5,0
7.8,0.88,0.0,2.6,98,25.0,67.0,9.968,3.2,0.68,9.8,5,1
7.8,0.76,0.04,2.3,92,15.0,54.0,997,3.26,0.65,9.8,5,2
11.2,0.28,0.56,1.9,75,17.0,60.0,998,3.16,0.58,9.8,6,3
7.4,0.7,0.0,1.9,76,11.0,34.0,9.978,3.51,0.56,9.4,5,4
7.4,0.66,0.0,1.8,75,13.0,40.0,9.978,3.51,0.56,9.4,5,5
7.9,0.6,0.06,1.6,69,15.0,59.0,9.964,3.3,0.46,9.4,5,6
7.3,0.65,0.0,1.2,65,15.0,21.0,9.946,3.39,0.47,10.0,7,7
7.8,0.58,0.02,2.0,73,9.0,18.0,9.968,3.36,0.57,9.5,7,8
6.7,0.58,0.08,1.8,9.699.999.999.999.990,15.0,65.0,9.959,3.28,0.54,9.2,5,10
5.6,615,0.0,1.6,8.900.000.000.000.000,16.0,59.0,9.943,3.58,0.52,9.9,5,12
7.8,0.61,0.29,1.6,114,9.0,29.0,9.974,3.26,1.56,9.1,5,13
8.5,0.28,0.56,1.8,92,35.0,103.0,9.969,3.3,0.75,10.5,7,16
7.9,0.32,0.51,1.8,341,17.0,56.0,9.969,03.04,01.08,9.2,6,19
7.6,0.39,0.31,2.3,8.199.999.999.999.990,23.0,71.0,9.982,3.52,0.65,9.7,5,21
7.9,0.43,0.21,1.6,106,10.0,37.0,9.966,3.17,0.91,9.5,5,22
8.5,0.49,0.11,2.3,84,9.0,67.0,9.968,3.17,0.53,9.4,5,23
6.9,0.4,0.14,2.4,85,21.0,40.0,9.968,3.43,0.63,9.7,6,24
6.3,0.39,0.16,1.4,0.08,11.0,23.0,9.955,3.34,0.56,9.3,5,25
7.6,0.41,0.24,1.8,0.08,4.0,11.0,9.962,3.28,0.59,9.5,5,26
7.1,0.71,0.0,1.9,0.08,14.0,35.0,9.972,3.47,0.55,9.4,5,28
7.8,645,0.0,2.0,8.199.999.999.999.990,8.0,16.0,9.964,3.38,0.59,9.8,6,29
6.7,675,0.07,2.4,8.900.000.000.000.000,17.0,82.0,9.958,3.35,0.54,10.1,5,30
8.3,655,0.12,2.3,83,15.0,113.0,9.966,3.17,0.66,9.8,5,32
5.2,0.32,0.25,1.8,10.300.000.000.000.000,13.0,50.0,9.957,3.38,0.55,9.2,5,34
7.8,645,0.0,5.5,86,5.0,18.0,9.986,3.4,0.55,9.6,6,35
7.8,0.6,0.14,2.4,86,3.0,15.0,9.975,3.42,0.6,10.8,6,36
8.1,0.38,0.28,2.1,66,13.0,30.0,9.968,3.23,0.73,9.7,7,37
7.3,0.45,0.36,5.9,7.400.000.000.000.000,12.0,87.0,9.978,3.33,0.83,10.5,5,40
8.8,0.61,0.3,2.8,8.800.000.000.000.000,17.0,46.0,9.976,3.26,0.51,9.3,4,41
7.5,0.49,0.2,2.6,332,8.0,14.0,9.968,3.21,0.9,10.5,6,42
8.1,0.66,0.22,2.2,69,9.0,23.0,9.968,3.3,1.2,10.3,5,43
4.6,0.52,0.15,2.1,54.000.000.000.000.000,8.0,65.0,9.934,3.9,0.56,13.1,4,45
7.7,935,0.43,2.2,114,22.0,114.0,997,3.25,0.73,9.2,5,46
8.8,0.66,0.26,1.7,7.400.000.000.000.000,4.0,23.0,9.971,3.15,0.74,9.2,5,50
6.6,0.52,0.04,2.2,69,8.0,15.0,9.956,3.4,0.63,9.4,6,51
6.6,0.5,0.04,2.1,68,6.0,14.0,9.955,3.39,0.64,9.4,6,52
8.6,0.38,0.36,3.0,81,30.0,119.0,997,3.2,0.56,9.4,5,53
7.6,0.51,0.15,2.8,0.11,33.0,73.0,9.955,3.17,0.63,10.2,6,54
10.2,0.42,0.57,3.4,0.07,4.0,10.0,9.971,03.04,0.63,9.6,5,56
7.8,0.59,0.18,2.3,76,17.0,54.0,9.975,3.43,0.59,10.0,5,58
7.3,0.39,0.31,2.4,7.400.000.000.000.000,9.0,46.0,9.962,3.41,0.54,9.4,6,59
8.8,0.4,0.4,2.2,79,19.0,52.0,998,3.44,0.64,9.2,5,60
7.7,0.69,0.49,1.8,115,20.0,112.0,9.968,3.21,0.71,9.3,5,61
7.0,735,0.05,2.0,81,13.0,54.0,9.966,3.39,0.57,9.8,5,63
7.2,725,0.05,4.65,86,4.0,11.0,9.962,3.41,0.39,10.9,5,64
7.2,725,0.05,4.65,86,4.0,11.0,9.962,3.41,0.39,10.9,5,65
6.6,705,0.07,1.6,76,6.0,15.0,9.962,3.44,0.58,10.7,5,67
8.0,705,0.05,1.9,7.400.000.000.000.000,8.0,19.0,9.962,3.34,0.95,10.5,6,69
7.7,0.69,0.22,1.9,84,18.0,94.0,9.961,3.31,0.48,9.5,5,72
8.3,675,0.26,2.1,84,11.0,43.0,9.976,3.31,0.53,9.2,4,73
8.8,0.41,0.64,2.2,9.300.000.000.000.000,9.0,42.0,9.986,3.54,0.66,10.5,5,76
6.8,785,0.0,2.4,10.400.000.000.000.000,14.0,30.0,9.966,3.52,0.55,10.7,6,77
6.7,0.75,0.12,2.0,86,12.0,80.0,9.958,3.38,0.52,10.1,5,78
8.3,625,0.2,1.5,0.08,27.0,119.0,9.972,3.16,1.12,9.1,4,79
6.2,0.45,0.2,1.6,69,3.0,15.0,9.958,3.41,0.56,9.2,5,80
7.4,0.5,0.47,2.0,86,21.0,73.0,997,3.36,0.57,9.1,5,82
6.3,0.3,0.48,1.8,69,18.0,61.0,9.959,3.44,0.78,10.3,6,84
6.9,0.55,0.15,2.2,76,19.0,40.0,9.961,3.41,0.59,10.1,5,85
8.6,0.49,0.28,1.9,0.11,20.0,136.0,9.972,2.93,1.95,9.9,6,86
7.7,0.49,0.26,1.9,62,9.0,31.0,9.966,3.39,0.64,9.6,5,87
9.3,0.39,0.44,2.1,107,34.0,125.0,9.978,3.14,1.22,9.5,5,88
7.0,0.62,0.08,1.8,76,8.0,24.0,9.978,3.48,0.53,9.0,5,89
7.9,0.52,0.26,1.9,79,42.0,140.0,9.964,3.23,0.54,9.5,5,90
8.6,0.49,0.28,1.9,0.11,20.0,136.0,9.972,2.93,1.95,9.9,6,91
7.7,0.49,0.26,1.9,62,9.0,31.0,9.966,3.39,0.64,9.6,5,93
5.0,01.02,0.04,1.4,45,41.0,85.0,9.938,3.75,0.48,10.5,4,94
6.8,775,0.0,3.0,102,8.0,23.0,9.965,3.45,0.56,10.7,5,96
7.6,0.9,0.06,2.5,79,5.0,10.0,9.967,3.39,0.56,9.8,5,98
8.1,545,0.18,1.9,0.08,13.0,35.0,9.972,3.3,0.59,9.0,6,99
8.3,0.61,0.3,2.1,84,11.0,50.0,9.972,3.4,0.61,10.2,6,100
8.1,545,0.18,1.9,0.08,13.0,35.0,9.972,3.3,0.59,9.0,6,102
8.1,575,0.22,2.1,77,12.0,65.0,9.967,3.29,0.51,9.2,5,103
7.2,0.49,0.24,2.2,0.07,5.0,36.0,996,3.33,0.48,9.4,5,104
8.1,575,0.22,2.1,77,12.0,65.0,9.967,3.29,0.51,9.2,5,105
7.8,0.41,0.68,1.7,467,18.0,69.0,9.973,03.08,1.31,9.3,5,106
6.2,0.63,0.31,1.7,8.800.000.000.000.000,15.0,64.0,9.969,3.46,0.79,9.3,5,107
7.8,0.56,0.19,1.8,10.400.000.000.000.000,12.0,47.0,9.964,3.19,0.93,9.5,5,110
8.4,0.62,0.09,2.2,84,11.0,108.0,9.964,3.15,0.66,9.8,5,111
10.1,0.31,0.44,2.3,0.08,22.0,46.0,9.988,3.32,0.67,9.7,6,113
7.8,0.56,0.19,1.8,10.400.000.000.000.000,12.0,47.0,9.964,3.19,0.93,9.5,5,114
9.4,0.4,0.31,2.2,0.09,13.0,62.0,9.966,03.07,0.63,10.5,6,115
8.3,0.54,0.28,1.9,77,11.0,40.0,9.978,3.39,0.61,10.0,6,116
7.3,01.07,0.09,1.7,17.800.000.000.000.000,10.0,89.0,9.962,3.3,0.57,9.0,5,120
8.8,0.55,0.04,2.2,11.900.000.000.000.000,14.0,56.0,9.962,3.21,0.6,10.9,6,121
7.3,695,0.0,2.5,75,3.0,13.0,998,3.49,0.52,9.2,5,122
7.8,0.5,0.17,1.6,8.199.999.999.999.990,21.0,102.0,996,3.39,0.48,9.5,5,124
8.2,1.33,0.0,1.7,81,3.0,12.0,9.964,3.53,0.49,10.9,5,126
8.1,1.33,0.0,1.8,8.199.999.999.999.990,3.0,12.0,9.964,3.54,0.48,10.9,5,127
8.0,0.59,0.16,1.8,65,3.0,16.0,9.962,3.42,0.92,10.5,7,128
8.0,745,0.56,2.0,11.800.000.000.000.000,30.0,134.0,9.968,3.24,0.66,9.4,5,130
5.6,0.5,0.09,2.3,49,17.0,99.0,9.937,3.63,0.63,13.0,5,131
7.9,01.04,0.05,2.2,84,13.0,29.0,9.959,3.22,0.55,9.9,6,134
8.4,745,0.11,1.9,0.09,16.0,63.0,9.965,3.19,0.82,9.6,5,135
7.2,415,0.36,2.0,81,13.0,45.0,9.972,3.48,0.64,9.2,5,137
8.4,745,0.11,1.9,0.09,16.0,63.0,9.965,3.19,0.82,9.6,5,140
5.2,0.34,0.0,1.8,0.05,27.0,63.0,9.916,3.68,0.79,14.0,6,142
6.3,0.39,0.08,1.7,66,3.0,20.0,9.954,3.34,0.58,9.4,5,143
5.2,0.34,0.0,1.8,0.05,27.0,63.0,9.916,3.68,0.79,14.0,6,144
8.1,0.67,0.55,1.8,11.699.999.999.999.900,32.0,141.0,9.968,3.17,0.62,9.4,5,145
5.8,0.68,0.02,1.8,87,21.0,94.0,9.944,3.54,0.52,10.0,5,146
6.9,0.49,0.1,2.3,7.400.000.000.000.000,12.0,30.0,9.959,3.42,0.58,10.2,6,148
7.3,0.33,0.47,2.1,77,5.0,11.0,9.958,3.33,0.53,10.3,6,150
9.2,0.52,1.0,3.4,0.61,32.0,69.0,9.996,2.74,2.0,9.4,4,151
7.5,0.6,0.03,1.8,95,25.0,99.0,995,3.35,0.54,10.1,5,152
7.5,0.6,0.03,1.8,95,25.0,99.0,995,3.35,0.54,10.1,5,153
7.1,0.43,0.42,5.5,71,28.0,128.0,9.973,3.42,0.71,10.5,5,155
7.1,0.43,0.42,5.5,0.07,29.0,129.0,9.973,3.42,0.72,10.5,5,156
7.1,0.43,0.42,5.5,71,28.0,128.0,9.973,3.42,0.71,10.5,5,157
7.1,0.68,0.0,2.2,73,12.0,22.0,9.969,3.48,0.5,9.3,5,158
6.8,0.6,0.18,1.9,79,18.0,86.0,9.968,3.59,0.57,9.3,6,159
7.6,0.95,0.03,2.0,0.09,7.0,20.0,9.959,3.2,0.56,9.6,5,160
7.6,0.68,0.02,1.3,7.200.000.000.000.000,9.0,20.0,9.965,3.17,01.08,9.2,4,161
7.8,0.53,0.04,1.7,76,17.0,31.0,9.964,3.33,0.56,10.0,6,162
7.4,0.6,0.26,7.3,0.07,36.0,121.0,9.982,3.37,0.49,9.4,5,163
7.3,0.59,0.26,7.2,0.07,35.0,121.0,9.981,3.37,0.49,9.4,5,164
7.8,0.63,0.48,1.7,0.1,14.0,96.0,9.961,3.19,0.62,9.5,5,165
6.8,0.64,0.1,2.1,85,18.0,101.0,9.956,3.34,0.52,10.2,5,166
7.3,0.55,0.03,1.6,7.200.000.000.000.000,17.0,42.0,9.956,3.37,0.48,9.0,4,167
6.8,0.63,0.07,2.1,8.900.000.000.000.000,11.0,44.0,9.953,3.47,0.55,10.4,6,168
7.9,885,0.03,1.8,57.999.999.999.999.900,4.0,8.0,9.972,3.36,0.33,9.1,4,170
8.0,0.42,0.17,2.0,73,6.0,18.0,9.972,3.29,0.61,9.2,6,172
7.4,0.62,0.05,1.9,68,24.0,42.0,9.961,3.42,0.57,11.5,6,173
6.9,0.5,0.04,1.5,85,19.0,49.0,9.958,3.35,0.78,9.5,5,175
7.3,0.38,0.21,2.0,0.08,7.0,35.0,9.961,3.33,0.47,9.5,5,176
7.5,0.52,0.42,2.3,87,8.0,38.0,9.972,3.58,0.61,10.5,6,177
7.0,805,0.0,2.5,68,7.0,20.0,9.969,3.48,0.56,9.6,5,178
8.8,0.61,0.14,2.4,67,10.0,42.0,9.969,3.19,0.59,9.5,5,179
8.8,0.61,0.14,2.4,67,10.0,42.0,9.969,3.19,0.59,9.5,5,180
8.9,0.61,0.49,2.0,0.27,23.0,110.0,9.972,3.12,01.02,9.3,5,181
7.2,0.73,0.02,2.5,76,16.0,42.0,9.972,3.44,0.52,9.3,5,182
6.8,0.61,0.2,1.8,77,11.0,65.0,9.971,3.54,0.58,9.3,5,183
6.7,0.62,0.21,1.9,79,8.0,62.0,997,3.52,0.58,9.3,6,184
8.9,0.31,0.57,2.0,111,26.0,85.0,9.971,3.26,0.53,9.7,5,185
7.4,0.39,0.48,2.0,8.199.999.999.999.990,14.0,67.0,9.972,3.34,0.55,9.2,5,186
7.9,0.5,0.33,2.0,84,15.0,143.0,9.968,3.2,0.55,9.5,5,188
8.2,0.5,0.35,2.9,77,21.0,127.0,9.976,3.23,0.62,9.4,5,190
6.4,0.37,0.25,1.9,7.400.000.000.000.000,21.0,49.0,9.974,3.57,0.62,9.8,6,191
7.6,0.55,0.21,2.2,71,7.0,28.0,9.964,3.28,0.55,9.7,5,193
7.6,0.55,0.21,2.2,71,7.0,28.0,9.964,3.28,0.55,9.7,5,194
7.3,0.58,0.3,2.4,7.400.000.000.000.000,15.0,55.0,9.968,3.46,0.59,10.2,5,196
11.5,0.3,0.6,2.0,67,12.0,27.0,9.981,3.11,0.97,10.1,6,197
6.9,01.09,0.06,2.1,61,12.0,31.0,9.948,3.51,0.43,11.4,4,199
9.6,0.32,0.47,1.4,55.999.999.999.999.900,9.0,24.0,99.695,3.22,0.82,10.3,7,200
7.0,0.43,0.36,1.6,8.900.000.000.000.000,14.0,37.0,99.615,3.34,0.56,9.2,6,204
12.8,0.3,0.74,2.6,95,9.0,28.0,9.994,3.2,0.77,10.8,7,205
12.8,0.3,0.74,2.6,95,9.0,28.0,9.994,3.2,0.77,10.8,7,206
7.8,0.44,0.28,2.7,0.1,18.0,95.0,9.966,3.22,0.67,9.4,5,208
9.7,0.53,0.6,2.0,39,5.0,19.0,99.585,3.3,0.86,12.4,6,210
8.0,725,0.24,2.8,83,10.0,62.0,99.685,3.35,0.56,10.0,6,211
8.2,0.57,0.26,2.2,0.06,28.0,65.0,9.959,3.3,0.43,10.1,5,213
7.8,735,0.08,2.4,92,10.0,41.0,9.974,3.24,0.71,9.8,6,214
7.0,0.49,0.49,5.6,0.06,26.0,121.0,9.974,3.34,0.76,10.5,5,215
8.7,625,0.16,2.0,10.099.999.999.999.900,13.0,49.0,9.962,3.14,0.57,11.0,5,216
8.1,725,0.22,2.2,7.200.000.000.000.000,11.0,41.0,9.967,3.36,0.55,9.1,5,217
7.5,0.49,0.19,1.9,76,10.0,44.0,9.957,3.39,0.54,9.7,5,218
7.8,0.34,0.37,2.0,8.199.999.999.999.990,24.0,58.0,9.964,3.34,0.59,9.4,6,220
7.4,0.53,0.26,2.0,10.099.999.999.999.900,16.0,72.0,9.957,3.15,0.57,9.4,5,221
6.8,0.61,0.04,1.5,57,5.0,10.0,99.525,3.42,0.6,9.5,5,222
8.6,645,0.25,2.0,83,8.0,28.0,99.815,3.28,0.6,10.0,6,223
7.7,0.43,0.25,2.6,73,29.0,63.0,99.615,3.37,0.58,10.5,6,225
8.9,0.59,0.5,2.0,337,27.0,81.0,9.964,03.04,1.61,9.5,6,226
5.2,0.48,0.04,1.6,54.000.000.000.000.000,19.0,106.0,9.927,3.54,0.62,12.2,7,230
8.0,0.38,0.06,1.8,78,12.0,49.0,99.625,3.37,0.52,9.9,6,231
8.5,0.37,0.2,2.8,0.09,18.0,58.0,998,3.34,0.7,9.6,6,232
8.2,1.0,0.09,2.3,65,7.0,37.0,99.685,3.32,0.55,9.0,6,234
7.2,0.63,0.0,1.9,9.699.999.999.999.990,14.0,38.0,99.675,3.37,0.58,9.0,6,235
8.9,635,0.37,1.7,263,5.0,62.0,9.971,3.0,01.09,9.3,5,240
12.0,0.38,0.56,2.1,9.300.000.000.000.000,6.0,24.0,99.925,3.14,0.71,10.9,6,241
7.7,0.58,0.1,1.8,102,28.0,109.0,99.565,03.08,0.49,9.8,6,242
15.0,0.21,0.44,2.2,75,10.0,24.0,100.005,03.07,0.84,9.2,7,243
15.0,0.21,0.44,2.2,75,10.0,24.0,100.005,03.07,0.84,9.2,7,244
7.3,0.66,0.0,2.0,84,6.0,23.0,9.983,3.61,0.96,9.9,6,245
7.1,0.68,0.07,1.9,75,16.0,51.0,99.685,3.38,0.52,9.5,5,246
7.3,0.66,0.0,2.0,84,6.0,23.0,9.983,3.61,0.96,9.9,6,249
10.8,0.32,0.44,1.6,63,16.0,37.0,9.985,3.22,0.78,10.0,6,250
7.1,0.6,0.0,1.8,7.400.000.000.000.000,16.0,34.0,9.972,3.47,0.7,9.9,6,251
11.1,0.35,0.48,3.1,0.09,5.0,21.0,9.986,3.17,0.53,10.5,5,252
7.7,775,0.42,1.9,92,8.0,86.0,9.959,3.23,0.59,9.5,5,253
8.0,0.57,0.23,3.2,73,17.0,119.0,99.675,3.26,0.57,9.3,5,255
9.4,0.34,0.37,2.2,75,5.0,13.0,998,3.22,0.62,9.2,5,256
6.6,695,0.0,2.1,75,12.0,56.0,9.968,3.49,0.67,9.2,5,257
7.7,0.41,0.76,1.8,611,8.0,45.0,9.968,03.06,1.26,9.4,5,258
10.0,0.31,0.47,2.6,85,14.0,33.0,99.965,3.36,0.8,10.5,7,259
7.9,0.33,0.23,1.7,77,18.0,45.0,99.625,3.29,0.65,9.3,5,260
7.0,975,0.04,2.0,87,12.0,67.0,99.565,3.35,0.6,9.4,4,261
8.0,0.52,0.03,1.7,0.07,10.0,35.0,99.575,3.34,0.57,10.0,5,262
7.9,0.37,0.23,1.8,77,23.0,49.0,9.963,3.28,0.67,9.3,5,263
12.5,0.56,0.49,2.4,64,5.0,27.0,9.999,03.08,0.87,10.9,5,264
8.1,0.87,0.0,3.3,96,26.0,61.0,100.025,3.6,0.72,9.8,4,266
7.9,0.35,0.46,3.6,78,15.0,37.0,9.973,3.35,0.86,12.8,8,267
6.9,0.54,0.04,3.0,77,7.0,27.0,9.987,3.69,0.91,9.4,6,268
11.5,0.18,0.51,4.0,10.400.000.000.000.000,4.0,23.0,9.996,3.28,0.97,10.1,6,269
7.9,545,0.06,4.0,87,27.0,61.0,9.965,3.36,0.67,10.7,6,270
7.9,545,0.06,4.0,87,27.0,61.0,9.965,3.36,0.67,10.7,6,275
6.9,0.54,0.04,3.0,77,7.0,27.0,9.987,3.69,0.91,9.4,6,276
11.5,0.18,0.51,4.0,10.400.000.000.000.000,4.0,23.0,9.996,3.28,0.97,10.1,6,277
10.3,0.32,0.45,6.4,73,5.0,13.0,9.976,3.23,0.82,12.6,8,278
8.9,0.4,0.32,5.6,87,10.0,47.0,9.991,3.38,0.77,10.5,7,279
11.4,0.26,0.44,3.6,71,6.0,19.0,9.986,3.12,0.82,9.3,6,280
7.7,0.27,0.68,3.5,358,5.0,10.0,9.972,3.25,01.08,9.9,7,281
8.9,0.4,0.32,5.6,87,10.0,47.0,9.991,3.38,0.77,10.5,7,283
9.9,0.59,0.07,3.4,102,32.0,71.0,100.015,3.31,0.71,9.8,5,284
9.9,0.59,0.07,3.4,102,32.0,71.0,100.015,3.31,0.71,9.8,5,285
12.0,0.45,0.55,2.0,73,25.0,49.0,9.997,3.1,0.76,10.3,6,286
7.5,0.4,0.12,3.0,92,29.0,53.0,9.967,3.37,0.7,10.3,6,287
8.7,0.52,0.09,2.5,91,20.0,49.0,9.976,3.34,0.86,10.6,7,288
11.6,0.42,0.53,3.3,105,33.0,98.0,1.001,3.2,0.95,9.2,5,289
8.7,0.52,0.09,2.5,91,20.0,49.0,9.976,3.34,0.86,10.6,7,290
10.4,0.55,0.23,2.7,91,18.0,48.0,9.994,3.22,0.64,10.3,6,292
6.9,0.36,0.25,2.4,98,5.0,16.0,9.964,3.41,0.6,10.1,6,293
13.3,0.34,0.52,3.2,94,17.0,53.0,1.2014,03.05,0.81,9.5,6,294
10.8,0.5,0.46,2.5,73,5.0,27.0,1.2001,03.05,0.64,9.5,5,295
10.6,0.83,0.37,2.6,86,26.0,70.0,9.981,3.16,0.52,9.9,5,296
7.1,0.63,0.06,2.0,83,8.0,29.0,99.855,3.67,0.73,9.6,5,297
7.2,0.65,0.02,2.3,94,5.0,31.0,9.993,3.67,0.8,9.7,5,298
7.5,0.53,0.06,2.6,86,20.0,44.0,9.965,3.38,0.59,10.7,6,300
11.1,0.18,0.48,1.5,68,7.0,15.0,9.973,3.22,0.64,10.1,6,301
8.3,705,0.12,2.6,92,12.0,28.0,9.994,3.51,0.72,10.0,5,302
8.4,0.65,0.6,2.1,11.199.999.999.999.900,12.0,90.0,9.973,3.2,0.52,9.2,5,304
7.6,0.62,0.32,2.2,8.199.999.999.999.990,7.0,54.0,9.966,3.36,0.52,9.4,5,306
10.3,0.41,0.42,2.4,213,6.0,14.0,9.994,3.19,0.62,9.5,6,307
10.3,0.43,0.44,2.4,214,5.0,12.0,9.994,3.19,0.63,9.5,6,308
7.9,0.53,0.24,2.0,7.200.000.000.000.000,15.0,105.0,996,3.27,0.54,9.4,6,311
9.0,0.46,0.31,2.8,9.300.000.000.000.000,19.0,98.0,99.815,3.32,0.63,9.5,6,312
8.6,0.47,0.3,3.0,76,30.0,135.0,9.976,3.3,0.53,9.4,5,313
7.4,0.36,0.29,2.6,87,26.0,72.0,99.645,3.39,0.68,11.0,5,314
9.8,0.66,0.39,3.2,83,21.0,59.0,9.989,3.37,0.71,11.5,7,318
9.6,0.77,0.12,2.9,8.199.999.999.999.990,30.0,74.0,99.865,3.3,0.64,10.4,6,319
9.3,0.61,0.26,3.4,0.09,25.0,87.0,99.975,3.24,0.62,9.7,5,321
10.0,0.49,0.2,11.0,71,13.0,50.0,1.2015,3.16,0.69,9.2,6,324
10.0,0.49,0.2,11.0,71,13.0,50.0,1.2015,3.16,0.69,9.2,6,325
11.6,0.53,0.66,3.65,121,6.0,14.0,9.978,03.05,0.74,11.5,7,326
10.3,0.44,0.5,4.5,107,5.0,13.0,998,3.28,0.83,11.5,5,327
13.4,0.27,0.62,2.6,8.199.999.999.999.990,6.0,21.0,1.2002,3.16,0.67,9.7,6,328
8.4,0.56,0.08,2.1,105,16.0,44.0,9.958,3.13,0.52,11.0,5,333
7.9,0.65,0.01,2.5,78,17.0,38.0,9.963,3.34,0.74,11.7,7,334
11.9,695,0.53,3.4,128,7.0,21.0,9.992,3.17,0.84,12.2,7,335
8.9,0.43,0.45,1.9,52.000.000.000.000.000,6.0,16.0,9.948,3.35,0.7,12.5,6,336
7.8,0.43,0.32,2.8,0.08,29.0,58.0,9.974,3.31,0.64,10.3,5,337
12.5,0.28,0.54,2.3,8.199.999.999.999.990,12.0,29.0,9.997,3.11,1.36,9.8,7,339
10.9,0.39,0.47,1.8,11.800.000.000.000.000,6.0,14.0,9.982,3.3,0.75,9.8,6,342
10.9,0.39,0.47,1.8,11.800.000.000.000.000,6.0,14.0,9.982,3.3,0.75,9.8,6,343
11.9,0.57,0.5,2.6,8.199.999.999.999.990,6.0,32.0,1.2006,3.12,0.78,10.7,6,344
13.8,0.49,0.67,3.0,9.300.000.000.000.000,6.0,15.0,9.986,03.02,0.93,12.0,6,347
9.6,0.56,0.31,2.8,8.900.000.000.000.000,15.0,46.0,9.979,3.11,0.92,10.0,6,348
9.1,795,0.0,2.6,96,11.0,26.0,9.994,3.35,0.83,9.4,6,351
7.7,665,0.0,2.4,0.09,8.0,19.0,9.974,3.27,0.73,9.3,5,352
13.5,0.53,0.79,4.8,0.12,23.0,77.0,1.2018,3.18,0.77,13.0,5,353
6.1,0.21,0.4,1.4,66,40.5,165.0,9.912,3.25,0.59,11.9,6,354
6.7,0.75,0.01,2.4,78,17.0,32.0,9.955,3.55,0.61,12.8,6,355
11.5,0.41,0.52,3.0,0.08,29.0,55.0,1.2001,3.26,0.88,11.0,5,356
10.5,0.42,0.66,2.95,11.599.999.999.999.900,12.0,29.0,997,3.24,0.75,11.7,7,357
11.9,0.43,0.66,3.1,109,10.0,23.0,1.0,3.15,0.85,10.4,7,358
12.6,0.38,0.66,2.6,8.800.000.000.000.000,10.0,41.0,1.001,3.17,0.68,9.8,6,359
8.2,0.7,0.23,2.0,99,14.0,81.0,9.973,3.19,0.7,9.4,5,360
8.6,0.45,0.31,2.6,86,21.0,50.0,9.982,3.37,0.91,9.9,6,361
11.9,0.58,0.66,2.5,7.200.000.000.000.000,6.0,37.0,9.992,03.05,0.56,10.0,5,362
12.5,0.46,0.63,2.0,71,6.0,15.0,9.988,2.99,0.87,10.2,5,363
12.8,615,0.66,5.8,83,7.0,42.0,1.2022,03.07,0.73,10.0,7,364
12.8,615,0.66,5.8,83,7.0,42.0,1.2022,03.07,0.73,10.0,7,366
10.4,575,0.61,2.6,76,11.0,24.0,1.0,3.16,0.69,9.0,5,367
9.4,0.27,0.53,2.4,7.400.000.000.000.000,6.0,18.0,9.962,3.2,1.13,12.0,7,369
7.9,0.24,0.4,1.6,55.999.999.999.999.900,11.0,25.0,9.967,3.32,0.87,8.7,6,371
9.1,0.28,0.48,1.8,67,26.0,46.0,9.967,3.32,01.04,10.6,6,372
11.5,0.45,0.5,3.0,78,19.0,47.0,1.2003,3.26,1.11,11.0,6,376
9.4,0.27,0.53,2.4,7.400.000.000.000.000,6.0,18.0,9.962,3.2,1.13,12.0,7,377
11.4,625,0.66,6.2,8.800.000.000.000.000,6.0,24.0,9.988,3.11,0.99,13.3,6,378
8.3,0.26,0.42,2.0,0.08,11.0,27.0,9.974,3.21,0.8,9.4,6,380
7.7,0.51,0.28,2.1,87,23.0,54.0,998,3.42,0.74,9.2,5,384
7.8,0.46,0.26,1.9,8.800.000.000.000.000,23.0,53.0,9.981,3.43,0.74,9.2,6,388
5.6,0.85,0.05,1.4,45,12.0,88.0,9.924,3.56,0.82,12.9,8,390
13.7,415,0.68,2.9,85,17.0,43.0,1.2014,03.06,0.8,10.0,6,391
9.5,0.37,0.52,2.0,8.199.999.999.999.990,6.0,26.0,998,3.18,0.51,9.5,5,392
12.0,0.37,0.76,4.2,66,7.0,38.0,1.2004,3.22,0.6,13.0,7,395
6.6,735,0.02,7.9,122,68.0,124.0,9.994,3.47,0.53,9.9,5,396
11.5,0.59,0.59,2.6,87,13.0,49.0,9.988,3.18,0.65,11.0,6,397
8.7,765,0.22,2.3,64,9.0,42.0,9.963,3.1,0.55,9.4,5,399
6.6,735,0.02,7.9,122,68.0,124.0,9.994,3.47,0.53,9.9,5,400
12.2,0.48,0.54,2.6,85,19.0,64.0,1.0,3.1,0.61,10.5,6,402
11.4,0.6,0.49,2.7,85,10.0,41.0,9.994,3.15,0.63,10.5,6,403
7.7,0.69,0.05,2.7,75,15.0,27.0,9.974,3.26,0.61,9.1,5,404
9.8,0.44,0.47,2.5,63,9.0,28.0,9.981,3.24,0.65,10.8,6,406
12.0,0.39,0.66,3.0,9.300.000.000.000.000,12.0,30.0,9.996,3.18,0.63,10.8,7,407
12.5,0.46,0.49,4.5,0.07,26.0,49.0,9.981,03.05,0.57,9.6,4,409
9.0,0.43,0.34,2.5,0.08,26.0,86.0,9.987,3.38,0.62,9.5,6,410
7.1,735,0.16,1.9,0.1,15.0,77.0,9.966,3.27,0.64,9.3,5,412
9.9,0.4,0.53,6.7,9.699.999.999.999.990,6.0,19.0,9.986,3.27,0.82,11.7,7,413
8.8,0.52,0.34,2.7,87,24.0,122.0,9.982,3.26,0.61,9.5,5,414
8.6,725,0.24,6.6,11.699.999.999.999.900,31.0,134.0,1.2014,3.32,01.07,9.3,5,415
10.6,0.48,0.64,2.2,111,6.0,20.0,997,3.26,0.66,11.7,6,416
7.0,0.58,0.12,1.9,91,34.0,124.0,9.956,3.44,0.48,10.5,5,417
11.9,0.38,0.51,2.0,121,7.0,20.0,9.996,3.24,0.76,10.4,6,418
6.8,0.77,0.0,1.8,66,34.0,52.0,9.976,3.62,0.68,9.9,5,419
6.6,0.84,0.03,2.3,59.000.000.000.000.000,32.0,48.0,9.952,3.52,0.56,12.3,7,421
7.7,0.96,0.2,2.0,47,15.0,60.0,9.955,3.36,0.44,10.9,5,422
10.5,0.24,0.47,2.1,66,6.0,24.0,9.978,3.15,0.9,11.0,7,423
6.6,0.84,0.03,2.3,59.000.000.000.000.000,32.0,48.0,9.952,3.52,0.56,12.3,7,425
6.4,0.67,0.08,2.1,45,19.0,48.0,9.949,3.49,0.49,11.4,6,426
9.5,0.78,0.22,1.9,77,6.0,32.0,9.988,3.26,0.56,10.6,6,427
9.1,0.52,0.33,1.3,0.07,9.0,30.0,9.978,3.24,0.6,9.3,5,428
12.8,0.84,0.63,2.4,8.800.000.000.000.000,13.0,35.0,9.997,3.1,0.6,10.4,6,429
10.5,0.24,0.47,2.1,66,6.0,24.0,9.978,3.15,0.9,11.0,7,430
7.8,0.55,0.35,2.2,7.400.000.000.000.000,21.0,66.0,9.974,3.25,0.56,9.2,5,431
12.3,0.39,0.63,2.3,91,6.0,18.0,1.2004,3.16,0.49,9.5,5,433
10.4,0.41,0.55,3.2,76,22.0,54.0,9.996,3.15,0.89,9.9,6,434
12.3,0.39,0.63,2.3,91,6.0,18.0,1.2004,3.16,0.49,9.5,5,435
8.0,0.67,0.3,2.0,0.06,38.0,62.0,9.958,3.26,0.56,10.2,6,436
11.1,0.45,0.73,3.2,66,6.0,22.0,9.986,3.17,0.66,11.2,6,437
7.0,0.62,0.18,1.5,62,7.0,50.0,9.951,03.08,0.6,9.3,5,439
12.6,0.31,0.72,2.2,7.200.000.000.000.000,6.0,29.0,9.987,2.88,0.82,9.8,8,440
15.6,685,0.76,3.7,0.1,6.0,43.0,1.1932,2.95,0.68,11.2,7,442
5.3,0.57,0.01,1.7,54.000.000.000.000.000,5.0,27.0,9.934,3.57,0.84,12.5,7,444
12.5,0.38,0.6,2.6,81,31.0,72.0,9.996,3.1,0.73,10.5,5,446
9.3,0.48,0.29,2.1,127,6.0,16.0,9.968,3.22,0.72,11.2,5,447
8.6,0.53,0.22,2.0,0.1,7.0,27.0,9.967,3.2,0.56,10.2,6,448
11.9,0.39,0.69,2.8,95,17.0,35.0,9.994,3.1,0.61,10.8,6,449
11.9,0.39,0.69,2.8,95,17.0,35.0,9.994,3.1,0.61,10.8,6,450
6.8,0.56,0.03,1.7,84,18.0,35.0,9.968,3.44,0.63,10.0,6,452
10.4,0.33,0.63,2.8,84,5.0,22.0,9.998,3.26,0.74,11.2,7,453
7.0,0.23,0.4,1.6,63,21.0,67.0,9.952,3.5,0.63,11.1,5,454
11.3,0.62,0.67,5.2,86,6.0,19.0,9.988,3.22,0.69,13.4,8,455
8.9,0.59,0.39,2.3,95,5.0,22.0,9.986,3.37,0.58,10.3,5,456
9.2,0.63,0.21,2.7,9.699.999.999.999.990,29.0,65.0,9.988,3.28,0.58,9.6,5,457
11.6,0.58,0.66,2.2,7.400.000.000.000.000,10.0,47.0,1.2008,3.25,0.57,9.0,3,459
9.2,0.43,0.52,2.3,83,14.0,23.0,9.976,3.35,0.61,11.3,6,460
8.3,615,0.22,2.6,87,6.0,19.0,9.982,3.26,0.61,9.3,5,461
11.5,315,0.54,2.1,84,5.0,15.0,9.987,2.98,0.7,9.2,6,464
10.3,0.5,0.42,2.0,69,21.0,51.0,9.982,3.16,0.72,11.5,6,466
8.8,0.46,0.45,2.6,65,7.0,18.0,9.947,3.32,0.79,14.0,6,467
11.4,0.36,0.69,2.1,0.09,6.0,21.0,1.0,3.17,0.62,9.2,6,468
8.7,0.82,0.02,1.2,0.07,36.0,48.0,9.952,3.2,0.58,9.8,5,469
13.0,0.32,0.65,2.6,9.300.000.000.000.000,15.0,47.0,9.996,03.05,0.61,10.6,5,470
9.6,0.54,0.42,2.4,81,25.0,52.0,997,3.2,0.71,11.4,6,471
12.5,0.37,0.55,2.6,83,25.0,68.0,9.995,3.15,0.82,10.4,6,472
9.6,0.68,0.24,2.2,87,5.0,28.0,9.988,3.14,0.6,10.2,5,475
9.3,0.27,0.41,2.0,91,6.0,16.0,998,3.28,0.7,9.7,5,476
10.4,0.24,0.49,1.8,75,6.0,20.0,9.977,3.18,01.06,11.0,6,477
9.4,685,0.11,2.7,77,6.0,31.0,9.984,3.19,0.7,10.1,6,479
10.6,0.28,0.39,15.5,69,6.0,23.0,1.2026,3.12,0.66,9.2,5,480
9.4,0.3,0.56,2.8,0.08,6.0,17.0,9.964,3.15,0.92,11.7,8,481
10.6,0.36,0.6,2.2,152,7.0,18.0,9.986,03.04,01.06,9.4,5,483
10.2,0.67,0.39,1.9,54.000.000.000.000.000,6.0,17.0,9.976,3.17,0.47,10.0,5,485
10.2,645,0.36,1.8,53,5.0,14.0,9.982,3.17,0.42,10.0,6,487
9.3,0.39,0.4,2.6,73,10.0,26.0,9.984,3.34,0.75,10.2,6,489
9.2,0.41,0.5,2.5,55,12.0,25.0,9.952,3.34,0.79,13.3,7,491
8.9,0.4,0.51,2.6,52.000.000.000.000.000,13.0,27.0,995,3.32,0.9,13.4,7,492
8.7,0.69,0.31,3.0,86,23.0,81.0,1.2002,3.48,0.74,11.6,6,493
6.5,0.39,0.23,8.3,51,28.0,91.0,9.952,3.44,0.55,12.1,6,494
10.7,0.35,0.53,2.6,0.07,5.0,16.0,9.972,3.15,0.65,11.0,8,495
7.8,0.52,0.25,1.9,81,14.0,38.0,9.984,3.43,0.65,9.0,6,496
7.2,0.34,0.32,2.5,0.09,43.0,113.0,9.966,3.32,0.79,11.1,5,497
10.7,0.35,0.53,2.6,0.07,5.0,16.0,9.972,3.15,0.65,11.0,8,498
8.7,0.69,0.31,3.0,86,23.0,81.0,1.2002,3.48,0.74,11.6,6,499
7.8,0.52,0.25,1.9,81,14.0,38.0,9.984,3.43,0.65,9.0,6,500
10.4,0.44,0.73,6.55,7.400.000.000.000.000,38.0,76.0,9.990.000.000.000.000,3.17,0.85,12.0,7,501
10.4,0.44,0.73,6.55,7.400.000.000.000.000,38.0,76.0,9.990.000.000.000.000,3.17,0.85,12.0,7,502
10.5,0.24,0.42,1.8,77,6.0,22.0,9.976,3.21,01.05,10.8,7,504
10.2,0.49,0.63,2.9,7.200.000.000.000.000,10.0,26.0,9.968,3.16,0.78,12.5,7,505
10.4,0.24,0.46,1.8,75,6.0,21.0,9.976,3.25,01.02,10.8,7,506
11.2,0.67,0.55,2.3,84,6.0,13.0,1.0,3.17,0.71,9.5,6,507
13.3,0.29,0.75,2.8,84,23.0,43.0,9.986,03.04,0.68,11.4,7,509
10.0,0.59,0.31,2.2,0.09,26.0,62.0,9.994,3.18,0.63,10.2,6,511
10.7,0.4,0.48,2.1,125,15.0,49.0,998,03.03,0.81,9.7,6,512
10.5,0.51,0.64,2.4,107,6.0,15.0,9.973,03.09,0.66,11.8,7,513
10.5,0.51,0.64,2.4,107,6.0,15.0,9.973,03.09,0.66,11.8,7,514
8.5,655,0.49,6.1,122,34.0,151.0,1.001,3.31,1.14,9.3,5,515
12.5,0.6,0.49,4.3,0.1,5.0,14.0,1.001,3.25,0.74,11.9,6,516
10.4,0.61,0.49,2.1,0.2,5.0,16.0,9.994,3.16,0.63,8.4,3,517
9.8,0.25,0.49,2.7,8.800.000.000.000.000,15.0,33.0,9.982,3.42,0.9,10.0,6,520
9.3,0.4,0.49,2.5,85,38.0,142.0,9.978,3.22,0.55,9.4,5,523
9.2,0.43,0.49,2.4,86,23.0,116.0,9.976,3.23,0.64,9.5,5,524
7.0,0.38,0.49,2.5,9.699.999.999.999.990,33.0,85.0,9.962,3.39,0.77,11.4,6,527
9.9,0.63,0.24,2.4,77,6.0,33.0,9.974,03.09,0.57,9.4,5,529
9.1,0.22,0.24,2.1,78,1.0,28.0,9.990.000.000.000.000,3.41,0.87,10.3,6,530
11.9,0.38,0.49,2.7,98,12.0,42.0,1.2004,3.16,0.61,10.3,5,531
11.9,0.38,0.49,2.7,98,12.0,42.0,1.2004,3.16,0.61,10.3,5,532
10.3,0.27,0.24,2.1,7.200.000.000.000.000,15.0,33.0,9.956,3.22,0.66,12.8,6,533
10.0,0.48,0.24,2.7,102,13.0,32.0,1.0,3.28,0.56,10.0,6,534
9.1,0.22,0.24,2.1,78,1.0,28.0,9.990.000.000.000.000,3.41,0.87,10.3,6,535
9.9,0.63,0.24,2.4,77,6.0,33.0,9.974,03.09,0.57,9.4,5,536
8.1,825,0.24,2.1,84,5.0,13.0,9.972,3.37,0.77,10.7,6,537
12.9,0.35,0.49,5.8,66,5.0,35.0,1.2014,3.2,0.66,12.0,7,538
11.2,0.5,0.74,5.15,0.1,5.0,17.0,9.996,3.22,0.62,11.2,5,539
9.2,0.59,0.24,3.3,10.099.999.999.999.900,20.0,47.0,9.988,3.26,0.67,9.6,5,540
9.5,0.46,0.49,6.3,64,5.0,17.0,9.988,3.21,0.73,11.0,6,541
9.3,715,0.24,2.1,0.07,5.0,20.0,9.966,3.12,0.59,9.9,5,542
11.2,0.66,0.24,2.5,85,16.0,53.0,9.993,03.06,0.72,11.0,6,543
14.3,0.31,0.74,1.8,75,6.0,15.0,1.2008,2.86,0.79,8.4,6,544
9.1,0.47,0.49,2.6,94,38.0,106.0,9.982,03.08,0.59,9.1,5,545
7.5,0.55,0.24,2.0,78,10.0,28.0,9.983,3.45,0.78,9.5,6,546
10.6,0.31,0.49,2.5,67,6.0,21.0,9.987,3.26,0.86,10.7,6,547
12.4,0.35,0.49,2.6,79,27.0,69.0,9.994,3.12,0.75,10.4,6,548
6.8,0.51,0.01,2.1,7.400.000.000.000.000,9.0,25.0,9.958,3.33,0.56,9.5,6,550
9.4,0.43,0.24,2.8,92,14.0,45.0,998,3.19,0.73,10.0,6,551
9.5,0.46,0.24,2.7,92,14.0,44.0,998,3.12,0.74,10.0,6,552
5.0,01.04,0.24,1.6,0.05,32.0,96.0,9.934,3.74,0.62,11.5,5,553
15.5,645,0.49,4.2,95,10.0,23.0,100.315,2.92,0.74,11.1,5,554
10.9,0.53,0.49,4.6,11.800.000.000.000.000,10.0,17.0,1.2002,03.07,0.56,11.7,6,556
15.6,645,0.49,4.2,95,10.0,23.0,100.315,2.92,0.74,11.1,5,557
13.0,0.47,0.49,4.3,85,6.0,47.0,1.2021,3.3,0.68,12.7,6,559
12.7,0.6,0.49,2.8,75,5.0,19.0,9.994,3.14,0.57,11.4,5,560
9.0,0.54,0.49,2.9,94,41.0,110.0,9.982,03.08,0.61,9.2,5,562
7.6,0.29,0.49,2.7,92,25.0,60.0,9.971,3.31,0.61,10.1,6,563
13.0,0.47,0.49,4.3,85,6.0,47.0,1.2021,3.3,0.68,12.7,6,564
12.7,0.6,0.49,2.8,75,5.0,19.0,9.994,3.14,0.57,11.4,5,565
8.7,0.7,0.24,2.5,226,5.0,15.0,9.991,3.32,0.6,9.0,6,567
9.8,0.5,0.49,2.6,0.25,5.0,20.0,9.990.000.000.000.000,3.31,0.79,10.7,6,568
6.2,0.36,0.24,2.2,95,19.0,42.0,9.946,3.57,0.57,11.7,6,569
11.5,0.35,0.49,3.3,0.07,10.0,37.0,1.2003,3.32,0.91,11.0,6,570
10.2,0.24,0.49,2.4,75,10.0,28.0,9.978,3.14,0.61,10.4,5,572
9.9,0.5,0.24,2.3,10.300.000.000.000.000,6.0,14.0,9.978,3.34,0.52,10.0,4,576
8.8,0.44,0.49,2.8,83,18.0,111.0,9.982,3.3,0.6,9.5,5,577
8.8,0.47,0.49,2.9,85,17.0,110.0,9.982,3.29,0.6,9.8,5,578
10.6,0.31,0.49,2.2,63,18.0,40.0,9.976,3.14,0.51,9.8,6,579
12.3,0.5,0.49,2.2,8.900.000.000.000.000,5.0,14.0,1.2002,3.19,0.44,9.6,5,580
12.3,0.5,0.49,2.2,8.900.000.000.000.000,5.0,14.0,1.2002,3.19,0.44,9.6,5,581
12.0,0.28,0.49,1.9,7.400.000.000.000.000,10.0,21.0,9.976,2.98,0.66,9.9,7,583
7.3,0.73,0.24,1.9,10.800.000.000.000.000,18.0,102.0,9.967,3.26,0.59,9.3,5,587
5.0,0.42,0.24,2.0,0.06,19.0,50.0,9.917,3.72,0.74,14.0,8,588
9.0,0.45,0.49,2.6,84,21.0,75.0,9.987,3.35,0.57,9.7,5,590
6.6,0.39,0.49,1.7,0.07,23.0,149.0,9.922,3.12,0.5,11.5,6,591
9.0,0.45,0.49,2.6,84,21.0,75.0,9.987,3.35,0.57,9.7,5,592
9.9,0.49,0.58,3.5,94,9.0,43.0,1.2004,3.29,0.58,9.0,5,593
8.9,595,0.41,7.9,86,30.0,109.0,9.998,3.27,0.57,9.3,5,595
12.4,0.4,0.51,2.0,59.000.000.000.000.000,6.0,24.0,9.994,03.04,0.6,9.3,6,596
8.5,585,0.18,2.1,78,5.0,30.0,9.967,3.2,0.48,9.8,6,598
7.7,835,0.0,2.6,81,6.0,14.0,9.975,3.3,0.52,9.3,5,602
8.3,0.58,0.13,2.9,96,14.0,63.0,9.984,3.17,0.62,9.1,6,604
8.8,0.48,0.41,3.3,92,26.0,52.0,9.982,3.31,0.53,10.5,6,607
10.1,0.65,0.37,5.1,0.11,11.0,65.0,1.2026,3.32,0.64,10.4,6,608
6.3,0.36,0.19,3.2,75,15.0,39.0,9.956,3.56,0.52,12.7,6,609
8.8,0.24,0.54,2.5,83,25.0,57.0,9.983,3.39,0.54,9.2,5,610
13.2,0.38,0.55,2.7,81,5.0,16.0,1.2006,2.98,0.54,9.4,5,611
7.5,0.64,0.0,2.4,77,18.0,29.0,9.965,3.32,0.6,10.0,6,612
9.6,0.6,0.5,2.3,79,28.0,71.0,9.997,3.5,0.57,9.7,5,616
11.5,0.31,0.51,2.2,79,14.0,28.0,9.982,03.03,0.93,9.8,6,617
11.3,0.37,0.41,2.3,8.800.000.000.000.000,6.0,16.0,9.988,03.09,0.8,9.3,5,619
8.3,0.54,0.24,3.4,76,16.0,112.0,9.976,3.27,0.61,9.4,5,620
8.2,0.56,0.23,3.4,78,14.0,104.0,9.976,3.28,0.62,9.4,5,621
10.0,0.58,0.22,1.9,0.08,9.0,32.0,9.974,3.13,0.55,9.5,5,622
6.8,0.69,0.0,5.6,124,21.0,58.0,9.997,3.46,0.72,10.2,5,625
8.8,0.6,0.29,2.2,98,5.0,15.0,9.988,3.36,0.49,9.1,5,626
8.8,0.6,0.29,2.2,98,5.0,15.0,9.988,3.36,0.49,9.1,5,627
8.7,0.54,0.26,2.5,9.699.999.999.999.990,7.0,31.0,9.976,3.27,0.6,9.3,6,628
7.6,685,0.23,2.3,111,20.0,84.0,9.964,3.21,0.61,9.3,5,629
8.7,0.54,0.26,2.5,9.699.999.999.999.990,7.0,31.0,9.976,3.27,0.6,9.3,6,630
10.4,0.28,0.54,2.7,105,5.0,19.0,9.988,3.25,0.63,9.5,5,631
7.6,0.41,0.14,3.0,87,21.0,43.0,9.964,3.32,0.57,10.5,6,632
10.1,935,0.22,3.4,105,11.0,86.0,1.001,3.43,0.64,11.3,4,633
7.9,0.35,0.21,1.9,73,46.0,102.0,9.964,3.27,0.58,9.5,5,634
8.7,0.84,0.0,1.4,65,24.0,33.0,9.954,3.27,0.55,9.7,5,635
9.6,0.88,0.28,2.4,86,30.0,147.0,9.979,3.24,0.53,9.4,5,636
9.5,885,0.27,2.3,84,31.0,145.0,9.978,3.24,0.53,9.4,5,637
8.9,0.29,0.35,1.9,67,25.0,57.0,997,3.18,1.36,10.3,6,639
9.9,0.54,0.45,2.3,71,16.0,40.0,9.991,3.39,0.62,9.4,5,640
9.9,0.54,0.45,2.3,71,16.0,40.0,9.991,3.39,0.62,9.4,5,642
9.9,0.54,0.45,2.3,71,16.0,40.0,9.991,3.39,0.62,9.4,5,644
8.3,845,0.01,2.2,0.07,5.0,14.0,9.967,3.32,0.58,11.0,4,647
8.7,0.48,0.3,2.8,66,10.0,28.0,9.964,3.33,0.67,11.2,7,648
6.7,0.42,0.27,8.6,68,24.0,148.0,9.948,3.16,0.57,11.3,6,649
10.7,0.43,0.39,2.2,106,8.0,32.0,9.986,2.89,0.5,9.6,5,650
15.9,0.36,0.65,7.5,96,22.0,71.0,9.976,2.98,0.84,14.9,5,652
9.4,0.33,0.59,2.8,79,9.0,30.0,9.976,3.12,0.54,12.0,6,653
8.6,0.47,0.47,2.4,7.400.000.000.000.000,7.0,29.0,9.979,03.08,0.46,9.5,5,654
9.7,0.55,0.17,2.9,87,20.0,53.0,1.2004,3.14,0.61,9.4,5,655
10.7,0.43,0.39,2.2,106,8.0,32.0,9.986,2.89,0.5,9.6,5,656
12.0,0.5,0.59,1.4,73,23.0,42.0,998,2.92,0.68,10.5,7,657
7.2,0.52,0.07,1.4,7.400.000.000.000.000,5.0,20.0,9.973,3.32,0.81,9.6,6,658
7.2,0.52,0.07,1.4,7.400.000.000.000.000,5.0,20.0,9.973,3.32,0.81,9.6,6,660
7.5,0.42,0.31,1.6,0.08,15.0,42.0,9.978,3.31,0.64,9.0,5,661
7.2,0.57,0.06,1.6,76,9.0,27.0,9.972,3.36,0.7,9.6,6,662
9.4,0.59,0.14,2.0,84,25.0,48.0,9.981,3.14,0.56,9.7,5,665
8.3,0.49,0.36,1.8,222,6.0,16.0,998,3.18,0.6,9.5,6,666
11.3,0.34,0.45,2.0,8.199.999.999.999.990,6.0,15.0,9.988,2.94,0.66,9.2,6,667
11.3,0.34,0.45,2.0,8.199.999.999.999.990,6.0,15.0,9.988,2.94,0.66,9.2,6,669
8.2,0.73,0.21,1.7,7.400.000.000.000.000,5.0,13.0,9.968,3.2,0.52,9.5,5,671
8.2,0.73,0.21,1.7,7.400.000.000.000.000,5.0,13.0,9.968,3.2,0.52,9.5,5,673
10.8,0.4,0.41,2.2,84,7.0,17.0,9.984,03.08,0.67,9.3,6,676
8.6,0.8,0.11,2.3,84,12.0,31.0,9.979,3.4,0.48,9.9,5,677
8.3,0.78,0.1,2.6,81,45.0,87.0,9.983,3.48,0.53,10.0,5,678
10.8,0.26,0.45,3.3,0.06,20.0,49.0,9.972,3.13,0.54,9.6,5,679
8.0,0.45,0.23,2.2,94,16.0,29.0,9.962,3.21,0.49,10.2,6,681
8.5,0.46,0.31,2.25,78,32.0,58.0,998,3.33,0.54,9.8,5,682
8.1,0.78,0.23,2.6,59.000.000.000.000.000,5.0,15.0,997,3.37,0.56,11.3,5,683
9.8,0.98,0.32,2.3,78,35.0,152.0,998,3.25,0.48,9.4,5,684
8.1,0.78,0.23,2.6,59.000.000.000.000.000,5.0,15.0,997,3.37,0.56,11.3,5,685
7.7,0.66,0.04,1.6,39,4.0,9.0,9.962,3.4,0.47,9.4,5,688
8.1,0.38,0.48,1.8,157,5.0,17.0,9.976,3.3,01.05,9.4,5,689
9.2,0.92,0.24,2.6,87,12.0,93.0,9.998,3.48,0.54,9.8,5,691
8.6,0.49,0.51,2.0,42.200.000.000.000.000,16.0,62.0,9.979,03.03,1.17,9.0,5,692
9.0,0.48,0.32,2.8,84,21.0,122.0,9.984,3.32,0.62,9.4,5,693
9.0,0.47,0.31,2.7,84,24.0,125.0,9.984,3.31,0.61,9.4,5,694
5.1,0.47,0.02,1.3,34,18.0,44.0,9.921,3.9,0.62,12.8,6,695
7.0,0.65,0.02,2.1,66,8.0,25.0,9.972,3.47,0.67,9.5,6,697
9.4,615,0.28,3.2,87,18.0,72.0,1.2001,3.31,0.53,9.7,5,698
11.8,0.38,0.55,2.1,71,5.0,19.0,9.986,3.11,0.62,10.8,6,699
10.6,01.02,0.43,2.9,76,26.0,88.0,9.984,03.08,0.57,10.1,6,700
7.0,0.65,0.02,2.1,66,8.0,25.0,9.972,3.47,0.67,9.5,6,701
7.0,0.64,0.02,2.1,67,9.0,23.0,997,3.47,0.67,9.4,6,702
7.5,0.38,0.48,2.6,73,22.0,84.0,9.972,3.32,0.7,9.6,4,703
9.1,765,0.04,1.6,78,4.0,14.0,998,3.29,0.54,9.7,4,704
8.4,1.035,0.15,6.0,73,11.0,54.0,9.990.000.000.000.000,3.37,0.49,9.9,5,705
7.0,0.78,0.08,2.0,9.300.000.000.000.000,10.0,19.0,9.956,3.4,0.47,10.0,5,706
7.4,0.49,0.19,3.0,77,16.0,37.0,9.966,3.37,0.51,10.5,5,707
7.8,545,0.12,2.5,68,11.0,35.0,996,3.34,0.61,11.6,6,708
10.6,1.025,0.43,2.8,0.08,21.0,84.0,9.985,03.06,0.57,10.1,5,710
8.9,565,0.34,3.0,9.300.000.000.000.000,16.0,112.0,9.998,3.38,0.61,9.5,5,711
9.9,0.74,0.28,2.6,78,21.0,77.0,998,3.28,0.51,9.8,5,714
7.6,0.46,0.11,2.6,79,12.0,49.0,9.968,3.21,0.57,10.0,5,717
8.4,0.56,0.04,2.0,8.199.999.999.999.990,10.0,22.0,9.976,3.22,0.44,9.6,5,718
7.1,0.66,0.0,3.9,86,17.0,45.0,9.976,3.46,0.54,9.5,5,719
8.4,0.56,0.04,2.0,8.199.999.999.999.990,10.0,22.0,9.976,3.22,0.44,9.6,5,720
8.9,0.48,0.24,2.85,94,35.0,106.0,9.982,3.1,0.53,9.2,5,721
7.1,0.31,0.3,2.2,53,36.0,127.0,9.965,2.94,1.62,9.5,5,723
9.0,0.66,0.17,3.0,77,5.0,13.0,9.976,3.29,0.55,10.4,5,725
8.1,0.72,0.09,2.8,84,18.0,49.0,9.994,3.43,0.72,11.1,6,726
6.4,0.57,0.02,1.8,67,4.0,11.0,997,3.46,0.68,9.5,5,727
6.4,0.57,0.02,1.8,67,4.0,11.0,997,3.46,0.68,9.5,5,728
6.4,865,0.03,3.2,71,27.0,58.0,995,3.61,0.49,12.7,6,729
9.5,0.55,0.66,2.3,387,12.0,37.0,9.982,3.17,0.67,9.6,5,730
8.9,875,0.13,3.45,8.800.000.000.000.000,4.0,14.0,9.994,3.44,0.52,11.5,5,731
7.3,835,0.03,2.1,92,10.0,19.0,9.966,3.39,0.47,9.6,5,732
7.0,0.45,0.34,2.7,8.199.999.999.999.990,16.0,72.0,998,3.55,0.6,9.5,5,733
7.7,0.56,0.2,2.0,75,9.0,39.0,9.987,3.48,0.62,9.3,5,734
7.7,965,0.1,2.1,11.199.999.999.999.900,11.0,22.0,9.963,3.26,0.5,9.5,5,736
8.2,0.59,0.0,2.5,9.300.000.000.000.000,19.0,58.0,1.2002,3.5,0.65,9.3,6,737
9.0,0.69,0.0,2.4,8.800.000.000.000.000,19.0,38.0,9.990.000.000.000.000,3.35,0.6,9.3,5,739
8.3,0.76,0.29,4.2,75,12.0,16.0,9.965,3.45,0.68,11.5,6,740
9.2,0.53,0.24,2.6,78,28.0,139.0,9.978.799.999.999.990,3.21,0.57,9.5,5,741
11.1,0.39,0.54,2.7,95,21.0,101.0,1.2001,3.13,0.51,9.5,5,744
7.3,0.51,0.18,2.1,0.07,12.0,28.0,9.976.799.999.999.990,3.52,0.73,9.5,6,745
8.2,0.34,0.38,2.5,0.08,12.0,57.0,9.978,3.3,0.47,9.0,6,746
7.2,0.5,0.18,2.1,71,12.0,31.0,99.761,3.52,0.72,9.6,6,748
7.3,0.51,0.18,2.1,0.07,12.0,28.0,9.976.799.999.999.990,3.52,0.73,9.5,6,749
8.3,0.65,0.1,2.9,8.900.000.000.000.000,17.0,40.0,99.803,3.29,0.55,9.5,5,750
7.6,0.54,0.13,2.5,9.699.999.999.999.990,24.0,66.0,99.785,3.39,0.61,9.4,5,752
8.3,0.65,0.1,2.9,8.900.000.000.000.000,17.0,40.0,99.803,3.29,0.55,9.5,5,753
7.8,0.48,0.68,1.7,415,14.0,32.0,99.656,03.09,01.06,9.1,6,754
7.8,0.91,0.07,1.9,57.999.999.999.999.900,22.0,47.0,99.525,3.51,0.43,10.7,6,755
6.3,0.98,0.01,2.0,57,15.0,33.0,9.948.799.999.999.990,3.6,0.46,11.2,6,756
8.1,0.87,0.0,2.2,84,10.0,31.0,99.656,3.25,0.5,9.8,5,757
8.1,0.87,0.0,2.2,84,10.0,31.0,99.656,3.25,0.5,9.8,5,758
8.8,0.42,0.21,2.5,92,33.0,88.0,99.823,3.19,0.52,9.2,5,759
9.0,0.58,0.25,2.8,75,9.0,104.0,99.779,3.23,0.57,9.7,5,760
9.3,655,0.26,2.0,96,5.0,35.0,9.973.799.999.999.990,3.25,0.42,9.6,5,761
8.8,0.7,0.0,1.7,69,8.0,19.0,9.970.100.000.000.000,3.31,0.53,10.0,6,762
9.1,0.68,0.11,2.8,9.300.000.000.000.000,11.0,44.0,9.988.799.999.999.990,3.31,0.55,9.5,6,764
9.2,0.67,0.1,3.0,91,12.0,48.0,9.988.799.999.999.990,3.31,0.54,9.5,6,765
8.8,0.59,0.18,2.9,8.900.000.000.000.000,12.0,74.0,9.973.799.999.999.990,3.14,0.54,9.4,5,766
7.1,0.59,0.02,2.3,8.199.999.999.999.990,24.0,94.0,99.744,3.55,0.53,9.7,6,768
7.9,0.72,0.01,1.9,76,7.0,32.0,9.966.799.999.999.990,3.39,0.54,9.6,5,769
7.1,0.59,0.02,2.3,8.199.999.999.999.990,24.0,94.0,99.744,3.55,0.53,9.7,6,770
9.4,685,0.26,2.4,8.199.999.999.999.990,23.0,143.0,9.978,3.28,0.55,9.4,5,771
9.5,0.57,0.27,2.3,8.199.999.999.999.990,23.0,144.0,99.782,3.27,0.55,9.4,5,772
7.9,0.4,0.29,1.8,157,1.0,44.0,9.973,3.3,0.92,9.5,6,773
7.2,1.0,0.0,3.0,102,7.0,16.0,9.958.600.000.000.000,3.43,0.46,10.0,5,775
6.9,635,0.17,2.4,24.100.000.000.000.000,6.0,18.0,9.961,3.4,0.59,10.3,6,777
8.3,0.43,0.3,3.4,79,7.0,34.0,9.978.799.999.999.990,3.36,0.61,10.5,5,778
7.1,0.52,0.03,2.6,76,21.0,92.0,99.745,3.5,0.6,9.8,5,779
7.0,0.57,0.0,2.0,0.19,12.0,45.0,9.967.600.000.000.000,3.31,0.6,9.4,6,780
6.5,0.46,0.14,2.4,114,9.0,37.0,9.973.200.000.000.000,3.66,0.65,9.8,5,781
7.1,0.59,0.01,2.5,77,20.0,85.0,99.746,3.55,0.59,9.8,5,784
9.9,0.35,0.41,2.3,83,11.0,61.0,9.982,3.21,0.5,9.5,5,785
10.0,0.56,0.24,2.2,79,19.0,58.0,9.991,3.18,0.56,10.1,6,787
10.0,0.56,0.24,2.2,79,19.0,58.0,9.991,3.18,0.56,10.1,6,788
8.6,0.63,0.17,2.9,99,21.0,119.0,998,03.09,0.52,9.3,5,789
7.4,0.37,0.43,2.6,8.199.999.999.999.990,18.0,82.0,99.708,3.33,0.68,9.7,6,790
8.8,0.64,0.17,2.9,84,25.0,130.0,99.818,3.23,0.54,9.6,5,791
7.1,0.61,0.02,2.5,81,17.0,87.0,99.745,3.48,0.6,9.7,6,792
7.7,0.6,0.0,2.6,55,7.0,13.0,99.639,3.38,0.56,10.8,5,793
10.1,0.27,0.54,2.3,65,7.0,26.0,99.531,3.17,0.53,12.5,6,794
10.8,0.89,0.3,2.6,132,7.0,60.0,9.978.600.000.000.000,2.99,1.18,10.2,5,795
8.7,0.46,0.31,2.5,126,24.0,64.0,99.746,3.1,0.74,9.6,5,796
9.3,0.37,0.44,1.6,38,21.0,42.0,99.526,3.24,0.81,10.8,7,797
9.4,0.5,0.34,3.6,8.199.999.999.999.990,5.0,14.0,9.987,3.29,0.52,10.7,6,799
8.6,0.55,0.09,3.3,68,8.0,17.0,99.735,3.23,0.44,10.0,5,801
5.1,585,0.0,1.7,44.000.000.000.000.000,14.0,86.0,99.264,3.56,0.94,12.9,7,802
7.7,0.56,0.08,2.5,114,14.0,46.0,9.971,3.24,0.66,9.6,6,803
8.4,0.52,0.22,2.7,84,4.0,18.0,99.682,3.26,0.57,9.9,6,804
8.4,0.25,0.39,2.0,40.999.999.999.999.900,4.0,10.0,9.938.600.000.000.000,3.27,0.71,12.5,7,806
7.4,0.53,0.12,1.9,165,4.0,12.0,99.702,3.26,0.86,9.2,5,808
7.6,0.48,0.31,2.8,0.07,4.0,15.0,9.969.299.999.999.990,3.22,0.55,10.3,6,809
7.3,0.49,0.1,2.6,68,4.0,14.0,9.956.200.000.000.000,3.3,0.47,10.5,5,810
12.9,0.5,0.55,2.8,7.200.000.000.000.000,7.0,24.0,10.001.200.000.000.000,03.09,0.68,10.9,6,811
6.9,0.39,0.24,2.1,102,4.0,7.0,9.946.200.000.000.000,3.44,0.58,11.4,4,813
12.6,0.41,0.54,2.8,10.300.000.000.000.000,19.0,41.0,99.939,3.21,0.76,11.3,6,814
9.1,0.66,0.15,3.2,9.699.999.999.999.990,9.0,59.0,99.976,3.28,0.54,9.6,5,819
7.0,685,0.0,1.9,99,9.0,22.0,9.960.600.000.000.000,3.34,0.6,9.7,5,820
4.9,0.42,0.0,2.1,48,16.0,42.0,99.154,3.71,0.74,14.0,7,821
6.7,0.54,0.13,2.0,76,15.0,36.0,9.973,3.61,0.64,9.8,5,823
7.1,0.48,0.28,2.8,68,6.0,16.0,99.682,3.24,0.53,10.3,5,824
7.5,0.27,0.34,2.3,0.05,4.0,8.0,9.951,3.4,0.64,11.0,7,826
7.1,0.46,0.14,2.8,76,15.0,37.0,99.624,3.36,0.49,10.7,5,827
7.5,685,0.07,2.5,57.999.999.999.999.900,5.0,9.0,9.963.200.000.000.000,3.38,0.55,10.9,4,830
5.9,0.61,0.08,2.1,71,16.0,24.0,9.937.600.000.000.000,3.56,0.77,11.1,6,831
11.6,0.47,0.44,1.6,147,36.0,51.0,99.836,3.38,0.86,9.9,4,833
6.7,0.28,0.28,2.4,12,36.0,100.0,99.064,3.26,0.39,11.7,7,836
6.7,0.28,0.28,2.4,12,36.0,100.0,99.064,3.26,0.39,11.7,7,837
10.1,0.31,0.35,1.6,75,9.0,28.0,99.672,3.24,0.83,11.2,7,838
6.6,0.66,0.0,3.0,115,21.0,31.0,99.629,3.45,0.63,10.3,5,841
10.6,0.5,0.45,2.6,11.900.000.000.000.000,34.0,68.0,99.708,3.23,0.72,10.9,6,842
7.1,685,0.35,2.0,8.800.000.000.000.000,9.0,92.0,9.963,3.28,0.62,9.4,5,843
6.4,0.64,0.21,1.8,81,14.0,31.0,9.968.899.999.999.990,3.59,0.66,9.8,5,846
7.4,0.68,0.16,1.8,78,12.0,39.0,9.977,3.5,0.7,9.9,6,847
6.4,0.64,0.21,1.8,81,14.0,31.0,9.968.899.999.999.990,3.59,0.66,9.8,5,848
9.3,0.43,0.44,1.9,85,9.0,22.0,99.708,3.28,0.55,9.5,5,850
9.3,0.43,0.44,1.9,85,9.0,22.0,99.708,3.28,0.55,9.5,5,851
9.3,0.36,0.39,1.5,0.08,41.0,55.0,9.965.200.000.000.000,3.47,0.73,10.9,6,853
9.3,0.36,0.39,1.5,0.08,41.0,55.0,9.965.200.000.000.000,3.47,0.73,10.9,6,854
9.3,0.36,0.39,1.5,0.08,41.0,55.0,9.965.200.000.000.000,3.47,0.73,10.9,6,856
8.2,0.26,0.34,2.5,73,16.0,47.0,9.959.399.999.999.990,3.4,0.78,11.3,7,857
11.7,0.28,0.47,1.7,54.000.000.000.000.000,17.0,32.0,9.968.600.000.000.000,3.15,0.67,10.6,7,858
7.2,0.62,0.06,2.7,77,15.0,85.0,99.746,3.51,0.54,9.5,5,860
7.5,0.42,0.32,2.7,67,7.0,25.0,9.962.799.999.999.990,3.24,0.44,10.4,5,862
7.2,0.62,0.06,2.5,78,17.0,84.0,99.746,3.51,0.53,9.7,5,863
7.2,635,0.07,2.6,77,16.0,86.0,9.974.799.999.999.990,3.51,0.54,9.7,5,865
6.9,0.56,0.03,1.5,86,36.0,46.0,9.952.200.000.000.000,3.53,0.57,10.6,5,871
7.3,0.35,0.24,2.0,67,28.0,48.0,9.957.600.000.000.000,3.43,0.54,10.0,4,872
8.8,0.31,0.4,2.8,109,7.0,16.0,9.961.399.999.999.990,3.31,0.79,11.8,7,875
7.7,715,0.01,2.1,64,31.0,43.0,99.371,3.41,0.57,11.8,6,877
7.6,715,0.0,2.1,68,30.0,35.0,9.953.299.999.999.990,3.48,0.65,11.4,6,881
8.4,0.31,0.29,3.1,19.399.999.999.999.900,14.0,26.0,99.536,3.22,0.78,12.0,6,882
8.8,0.61,0.19,4.0,94,30.0,69.0,99.787,3.22,0.5,10.0,6,884
8.9,0.75,0.14,2.5,86,9.0,30.0,99.824,3.34,0.64,10.5,5,885
9.0,0.8,0.12,2.4,83,8.0,28.0,99.836,3.33,0.65,10.4,6,886
6.8,0.57,0.0,2.5,7.200.000.000.000.000,32.0,64.0,9.949.100.000.000.000,3.43,0.56,11.2,6,888
10.7,0.9,0.34,6.6,11.199.999.999.999.900,23.0,99.0,100.289,3.22,0.68,9.3,5,889
7.2,0.66,0.03,2.3,78,16.0,86.0,9.974.299.999.999.990,3.53,0.57,9.7,5,891
10.1,0.45,0.23,1.9,8.199.999.999.999.990,10.0,18.0,99.774,3.22,0.65,9.3,6,892
7.2,0.66,0.03,2.3,78,16.0,86.0,9.974.299.999.999.990,3.53,0.57,9.7,5,893
7.2,0.63,0.03,2.2,0.08,17.0,88.0,99.745,3.53,0.58,9.8,6,894
7.1,0.59,0.01,2.3,0.08,27.0,43.0,9.955,3.42,0.58,10.7,6,895
8.3,0.31,0.39,2.4,78,17.0,43.0,99.444,3.31,0.77,12.5,7,896
7.1,0.59,0.01,2.3,0.08,27.0,43.0,9.955,3.42,0.58,10.7,6,897
8.3,0.31,0.39,2.4,78,17.0,43.0,99.444,3.31,0.77,12.5,7,898
8.9,0.31,0.36,2.6,55.999.999.999.999.900,10.0,39.0,9.956.200.000.000.000,3.4,0.69,11.8,5,900
7.4,635,0.1,2.4,0.08,16.0,33.0,99.736,3.58,0.69,10.8,7,901
7.4,635,0.1,2.4,0.08,16.0,33.0,99.736,3.58,0.69,10.8,7,902
6.8,0.59,0.06,6.0,0.06,11.0,18.0,9.962,3.41,0.59,10.8,7,904
7.2,0.54,0.27,2.6,84,12.0,78.0,9.964,3.39,0.71,11.0,5,906
6.1,0.56,0.0,2.2,79,6.0,9.0,9.948,3.59,0.54,11.5,6,907
7.4,0.52,0.13,2.4,78,34.0,61.0,9.952.799.999.999.990,3.43,0.59,10.8,6,908
9.3,0.38,0.48,3.8,132,3.0,11.0,99.577,3.23,0.57,13.2,6,910
9.1,0.28,0.46,9.0,114,3.0,9.0,9.990.100.000.000.000,3.18,0.6,10.9,6,911
10.0,0.46,0.44,2.9,65,4.0,8.0,99.674,3.33,0.62,12.2,6,912
8.6,315,0.4,2.2,79,3.0,6.0,9.951.200.000.000.000,3.27,0.67,11.9,6,915
5.3,715,0.19,1.5,161,7.0,62.0,99.395,3.62,0.61,11.0,5,916
6.8,0.41,0.31,8.8,84,26.0,45.0,99.824,3.38,0.64,10.1,6,917
8.4,0.36,0.32,2.2,81,32.0,79.0,9.964,3.3,0.72,11.0,6,918
8.4,0.62,0.12,1.8,7.200.000.000.000.000,38.0,46.0,9.950.399.999.999.990,3.38,0.89,11.8,6,919
9.6,0.41,0.37,2.3,91,10.0,23.0,9.978.600.000.000.000,3.24,0.56,10.5,5,920
8.4,0.62,0.12,1.8,7.200.000.000.000.000,38.0,46.0,9.950.399.999.999.990,3.38,0.89,11.8,6,922
8.6,0.47,0.27,2.3,55,14.0,28.0,99.516,3.18,0.8,11.2,5,924
8.6,0.22,0.36,1.9,64,53.0,77.0,9.960.399.999.999.990,3.47,0.87,11.0,7,925
9.4,0.24,0.33,2.3,61,52.0,73.0,9.978.600.000.000.000,3.47,0.9,10.2,6,926
8.4,0.67,0.19,2.2,9.300.000.000.000.000,11.0,75.0,99.736,3.2,0.59,9.2,4,927
8.6,0.47,0.27,2.3,55,14.0,28.0,99.516,3.18,0.8,11.2,5,928
8.7,0.33,0.38,3.3,63,10.0,19.0,9.946.799.999.999.990,3.3,0.73,12.0,7,929
7.4,0.61,0.01,2.0,7.400.000.000.000.000,13.0,38.0,9.974.799.999.999.990,3.48,0.65,9.8,5,931
7.6,0.4,0.29,1.9,78,29.0,66.0,9.971,3.45,0.59,9.5,6,932
6.6,0.61,0.01,1.9,0.08,8.0,25.0,99.746,3.69,0.73,10.5,5,934
8.8,0.3,0.38,2.3,0.06,19.0,72.0,9.954.299.999.999.990,3.39,0.72,11.8,6,936
6.2,0.46,0.17,1.6,73,7.0,11.0,99.425,3.61,0.54,11.4,5,939
9.9,0.27,0.49,5.0,8.199.999.999.999.990,9.0,17.0,99.484,3.19,0.52,12.5,7,941
10.1,0.43,0.4,2.6,92,13.0,52.0,99.834,3.22,0.64,10.0,7,942
8.3,0.3,0.49,3.8,0.09,11.0,24.0,99.498,3.27,0.64,12.1,7,944
10.2,0.44,0.58,4.1,92,11.0,24.0,99.745,3.29,0.99,12.0,7,946
8.3,0.28,0.48,2.1,9.300.000.000.000.000,6.0,12.0,99.408,3.26,0.62,12.4,7,947
8.9,0.12,0.45,1.8,75,10.0,21.0,9.955.200.000.000.000,3.41,0.76,11.9,7,949
8.9,0.12,0.45,1.8,75,10.0,21.0,9.955.200.000.000.000,3.41,0.76,11.9,7,950
8.3,0.28,0.48,2.1,9.300.000.000.000.000,6.0,12.0,99.408,3.26,0.62,12.4,7,951
8.2,0.31,0.4,2.2,57.999.999.999.999.900,6.0,10.0,99.536,3.31,0.68,11.2,7,952
10.2,0.34,0.48,2.1,52.000.000.000.000.000,5.0,9.0,9.945.799.999.999.990,3.2,0.69,12.1,7,953
8.5,0.21,0.52,1.9,0.09,9.0,23.0,9.964.799.999.999.990,3.36,0.67,10.4,5,955
9.0,0.36,0.52,2.1,111,5.0,10.0,9.956.799.999.999.990,3.31,0.62,11.3,6,956
6.4,0.57,0.12,2.3,0.12,25.0,36.0,99.519,3.47,0.71,11.3,7,958
8.5,0.47,0.27,1.9,57.999.999.999.999.900,18.0,38.0,99.518,3.16,0.85,11.1,6,960
7.1,0.56,0.14,1.6,78,7.0,18.0,99.592,3.27,0.62,9.3,5,961
6.6,0.57,0.02,2.1,115,6.0,16.0,99.654,3.38,0.69,9.5,5,962
8.5,0.47,0.27,1.9,57.999.999.999.999.900,18.0,38.0,99.518,3.16,0.85,11.1,6,964
8.5,0.66,0.2,2.1,9.699.999.999.999.990,23.0,113.0,9.973.299.999.999.990,3.13,0.48,9.2,5,967
9.0,0.4,0.43,2.4,68,29.0,46.0,9.943,3.2,0.6,12.2,6,968
10.4,0.26,0.48,1.9,66,6.0,10.0,99.724,3.33,0.87,10.9,6,971
8.8,0.33,0.41,5.9,73,7.0,13.0,9.965.799.999.999.990,3.3,0.62,12.1,7,974
7.2,0.41,0.3,2.1,83,35.0,72.0,997,3.44,0.52,9.4,5,975
8.4,0.59,0.29,2.6,109,31.0,119.0,9.980.100.000.000.000,3.15,0.5,9.1,5,977
7.0,0.4,0.32,3.6,61,9.0,29.0,99.416,3.28,0.49,11.3,7,978
9.1,0.5,0.3,1.9,65,8.0,17.0,99.774,3.32,0.71,10.5,6,980
9.5,0.86,0.26,1.9,79,13.0,28.0,9.971.200.000.000.000,3.25,0.62,10.0,5,981
7.3,0.52,0.32,2.1,0.07,51.0,70.0,99.418,3.34,0.82,12.9,6,982
9.1,0.5,0.3,1.9,65,8.0,17.0,99.774,3.32,0.71,10.5,6,983
7.4,0.58,0.0,2.0,64,7.0,11.0,9.956.200.000.000.000,3.45,0.58,11.3,6,985
7.1,0.36,0.3,1.6,0.08,35.0,70.0,9.969.299.999.999.990,3.44,0.5,9.4,5,987
7.7,0.39,0.12,1.7,9.699.999.999.999.990,19.0,27.0,9.959.600.000.000.000,3.16,0.49,9.4,5,988
9.7,295,0.4,1.5,73,14.0,21.0,99.556,3.14,0.51,10.9,6,989
7.7,0.39,0.12,1.7,9.699.999.999.999.990,19.0,27.0,9.959.600.000.000.000,3.16,0.49,9.4,5,990
7.1,0.34,0.28,2.0,8.199.999.999.999.990,31.0,68.0,9.969.399.999.999.990,3.45,0.48,9.4,5,991
7.1,0.34,0.28,2.0,8.199.999.999.999.990,31.0,68.0,9.969.399.999.999.990,3.45,0.48,9.4,5,993
7.7,0.6,0.06,2.0,79,19.0,41.0,99.697,3.39,0.62,10.1,6,995
8.9,0.84,0.34,1.4,0.05,4.0,10.0,99.554,3.12,0.48,9.1,6,998
6.4,0.69,0.0,1.65,55,7.0,12.0,9.916.200.000.000.000,3.47,0.53,12.9,6,999
7.5,0.43,0.3,2.2,62,6.0,12.0,99.495,3.44,0.72,11.5,7,1000
8.2,0.43,0.29,1.6,81,27.0,45.0,99.603,3.25,0.54,10.3,5,1004
6.8,0.36,0.32,1.8,67,4.0,8.0,9.928,3.36,0.55,12.8,7,1005
9.1,0.29,0.33,02.05,63,13.0,27.0,99.516,3.26,0.84,11.7,7,1006
9.1,0.3,0.34,2.0,64,12.0,25.0,99.516,3.26,0.84,11.7,7,1007
8.9,0.35,0.4,3.6,0.11,12.0,24.0,99.549,3.23,0.7,12.0,7,1008
8.9,0.28,0.45,1.7,67,7.0,12.0,99.354,3.25,0.55,12.3,7,1010
8.9,0.32,0.31,2.0,8.800.000.000.000.000,12.0,19.0,9.957,3.17,0.55,10.4,6,1011
7.7,1.005,0.15,2.1,102,11.0,32.0,9.960.399.999.999.990,3.23,0.48,10.0,5,1012
7.5,0.71,0.0,1.6,92,22.0,31.0,99.635,3.38,0.58,10.0,6,1013
8.0,0.58,0.16,2.0,0.12,3.0,7.0,99.454,3.22,0.58,11.2,6,1014
8.9,0.38,0.4,2.2,68,12.0,28.0,9.948.600.000.000.000,3.27,0.75,12.6,7,1016
8.0,0.18,0.37,0.9,49,36.0,109.0,9.900.700.000.000.000,2.89,0.44,12.7,6,1018
7.0,0.5,0.14,1.8,78,10.0,23.0,99.636,3.53,0.61,10.4,5,1019
11.3,0.36,0.66,2.4,12.300.000.000.000.000,3.0,8.0,9.964.200.000.000.000,3.2,0.53,11.9,6,1020
11.3,0.36,0.66,2.4,12.300.000.000.000.000,3.0,8.0,9.964.200.000.000.000,3.2,0.53,11.9,6,1021
7.0,0.51,0.09,2.1,62,4.0,9.0,99.584,3.35,0.54,10.5,5,1022
8.2,0.32,0.42,2.3,98,3.0,9.0,9.950.600.000.000.000,3.27,0.55,12.3,6,1023
7.7,0.58,0.01,1.8,8.800.000.000.000.000,12.0,18.0,9.956.799.999.999.990,3.32,0.56,10.5,7,1024
8.6,0.83,0.0,2.8,95,17.0,43.0,9.982.200.000.000.000,3.33,0.6,10.4,6,1025
7.9,0.31,0.32,1.9,66,14.0,36.0,99.364,3.41,0.56,12.6,6,1026
6.4,795,0.0,2.2,65,28.0,52.0,9.937.799.999.999.990,3.49,0.52,11.6,5,1027
7.7,0.58,0.01,1.8,8.800.000.000.000.000,12.0,18.0,9.956.799.999.999.990,3.32,0.56,10.5,7,1029
8.1,0.82,0.0,4.1,95,5.0,14.0,99.854,3.36,0.53,9.6,5,1032
8.9,745,0.18,2.5,77,15.0,48.0,99.739,3.2,0.47,9.7,6,1034
10.1,0.37,0.34,2.4,85,5.0,17.0,9.968.299.999.999.990,3.17,0.65,10.6,7,1035
7.6,0.31,0.34,2.5,8.199.999.999.999.990,26.0,35.0,99.356,3.22,0.59,12.5,7,1036
8.7,0.41,0.41,6.2,78,25.0,42.0,9.953,3.24,0.77,12.6,7,1038
8.9,0.5,0.21,2.2,8.800.000.000.000.000,21.0,39.0,99.692,3.33,0.83,11.1,6,1039
6.9,0.49,0.19,1.7,79,13.0,26.0,9.954.700.000.000.000,3.38,0.64,9.8,6,1041
6.4,0.39,0.33,3.3,46,12.0,53.0,9.929.399.999.999.990,3.36,0.62,12.2,6,1044
6.9,0.44,0.0,1.4,0.07,32.0,38.0,9.943.799.999.999.990,3.32,0.58,11.4,6,1045
7.6,0.78,0.0,1.7,76,33.0,45.0,9.961.200.000.000.000,3.31,0.62,10.7,6,1046
7.1,0.43,0.17,1.8,8.199.999.999.999.990,27.0,51.0,99.634,3.49,0.64,10.4,5,1047
9.3,0.49,0.36,1.7,81,3.0,14.0,99.702,3.27,0.78,10.9,6,1048
9.3,0.5,0.36,1.8,84,6.0,17.0,9.970.399.999.999.990,3.27,0.77,10.8,6,1049
8.5,0.46,0.59,1.4,414,16.0,45.0,99.702,03.03,1.34,9.2,5,1051
5.6,605,0.05,2.4,73,19.0,25.0,9.925.799.999.999.990,3.56,0.55,12.9,5,1052
8.3,0.33,0.42,2.3,0.07,9.0,20.0,99.426,3.38,0.77,12.7,7,1053
8.2,0.64,0.27,2.0,95,5.0,77.0,9.974.700.000.000.000,3.13,0.62,9.1,6,1055
8.9,0.48,0.53,4.0,10.099.999.999.999.900,3.0,10.0,9.958.600.000.000.000,3.21,0.59,12.1,7,1056
7.6,0.42,0.25,3.9,10.400.000.000.000.000,28.0,90.0,99.784,3.15,0.57,9.1,5,1057
9.9,0.53,0.57,2.4,9.300.000.000.000.000,30.0,52.0,9.971,3.19,0.76,11.6,7,1058
8.9,0.48,0.53,4.0,10.099.999.999.999.900,3.0,10.0,9.958.600.000.000.000,3.21,0.59,12.1,7,1059
11.6,0.23,0.57,1.8,7.400.000.000.000.000,3.0,8.0,9.981,3.14,0.7,9.9,6,1060
9.1,0.4,0.5,1.8,71,7.0,16.0,9.946.200.000.000.000,3.21,0.69,12.5,8,1061
8.0,0.38,0.44,1.9,98,6.0,15.0,9.956,3.3,0.64,11.4,6,1062
10.2,0.29,0.65,2.4,75,6.0,17.0,99.565,3.22,0.63,11.8,6,1063
8.2,0.74,0.09,2.0,67,5.0,10.0,99.418,3.28,0.57,11.8,6,1064
7.7,0.61,0.18,2.4,83,6.0,20.0,9.963,3.29,0.6,10.2,6,1065
6.6,0.52,0.08,2.4,0.07,13.0,26.0,9.935.799.999.999.990,3.4,0.72,12.5,7,1066
11.1,0.31,0.53,2.2,0.06,3.0,10.0,99.572,03.02,0.83,10.9,7,1067
8.0,0.62,0.35,2.8,86,28.0,52.0,997,3.31,0.62,10.8,5,1069
9.3,0.33,0.45,1.5,57,19.0,37.0,99.498,3.18,0.89,11.1,7,1070
7.5,0.77,0.2,8.1,98,30.0,92.0,99.892,3.2,0.58,9.2,5,1071
8.0,0.62,0.33,2.7,8.800.000.000.000.000,16.0,37.0,9.972,3.31,0.58,10.7,6,1073
9.9,0.32,0.56,2.0,73,3.0,8.0,99.534,3.15,0.73,11.4,6,1076
8.6,0.37,0.65,6.4,0.08,3.0,8.0,9.981.700.000.000.000,3.27,0.58,11.0,5,1078
7.9,0.3,0.68,8.3,0.05,37.5,278.0,99.316,03.01,0.51,12.3,7,1079
7.9,0.3,0.68,8.3,0.05,37.5,289.0,99.316,03.01,0.51,12.3,7,1081
7.2,0.38,0.3,1.8,73,31.0,70.0,99.685,3.42,0.59,9.5,6,1082
8.7,0.42,0.45,2.4,7.200.000.000.000.000,32.0,59.0,9.961.700.000.000.000,3.33,0.77,12.0,6,1083
6.8,0.48,0.08,1.8,7.400.000.000.000.000,40.0,64.0,99.529,3.12,0.49,9.6,5,1085
8.5,0.34,0.4,4.7,55,3.0,9.0,9.973.799.999.999.990,3.38,0.66,11.6,7,1086
7.9,0.19,0.42,1.6,57,18.0,30.0,9.940.000.000.000.000,3.29,0.69,11.2,6,1087
11.6,0.41,0.54,1.5,95,22.0,41.0,99.735,03.02,0.76,9.9,7,1088
11.6,0.41,0.54,1.5,95,22.0,41.0,99.735,03.02,0.76,9.9,7,1089
10.0,0.26,0.54,1.9,83,42.0,74.0,99.451,2.98,0.63,11.8,8,1090
7.9,0.34,0.42,2.0,86,8.0,19.0,99.546,3.35,0.6,11.4,6,1091
7.0,0.54,0.09,2.0,81,10.0,16.0,99.479,3.43,0.59,11.5,6,1092
9.2,0.31,0.36,2.2,79,11.0,31.0,99.615,3.33,0.86,12.0,7,1093
6.6,725,0.09,5.5,11.699.999.999.999.900,9.0,17.0,99.655,3.35,0.49,10.8,6,1094
6.6,725,0.09,5.5,11.699.999.999.999.900,9.0,17.0,99.655,3.35,0.49,10.8,6,1096
8.6,0.52,0.38,1.5,96,5.0,18.0,99.666,3.2,0.52,9.4,5,1099
8.4,0.34,0.42,2.1,7.200.000.000.000.000,23.0,36.0,99.392,3.11,0.78,12.4,6,1100
7.4,0.49,0.27,2.1,71,14.0,25.0,9.938.799.999.999.990,3.35,0.63,12.0,6,1101
7.4,0.49,0.27,2.1,71,14.0,25.0,9.938.799.999.999.990,3.35,0.63,12.0,6,1103
8.0,0.48,0.34,2.2,73,16.0,25.0,9.936,3.28,0.66,12.4,6,1104
6.3,0.57,0.28,2.1,48,13.0,49.0,99.374,3.41,0.6,12.8,5,1105
9.1,0.3,0.41,2.0,68,10.0,24.0,99.523,3.27,0.85,11.7,7,1107
8.1,0.78,0.1,3.3,0.09,4.0,13.0,99.855,3.36,0.49,9.5,5,1108
10.8,0.47,0.43,2.1,171,27.0,66.0,9.982,3.17,0.76,10.8,6,1109
8.3,0.53,0.0,1.4,0.07,6.0,14.0,99.593,3.25,0.64,10.0,6,1110
5.4,0.42,0.27,2.0,92,23.0,55.0,99.471,3.78,0.64,12.3,7,1111
7.9,0.33,0.41,1.5,55.999.999.999.999.900,6.0,35.0,9.939.600.000.000.000,3.29,0.71,11.0,6,1112
5.0,0.4,0.5,4.3,46,29.0,80.0,9.902,3.49,0.66,13.6,6,1114
7.0,0.69,0.07,2.5,91,15.0,21.0,99.572,3.38,0.6,11.3,6,1115
7.0,0.69,0.07,2.5,91,15.0,21.0,99.572,3.38,0.6,11.3,6,1116
7.0,0.69,0.07,2.5,91,15.0,21.0,99.572,3.38,0.6,11.3,6,1117
7.1,0.39,0.12,2.1,65,14.0,24.0,9.925.200.000.000.000,3.3,0.53,13.3,6,1118
5.6,0.66,0.0,2.5,66,7.0,15.0,99.256,3.52,0.58,12.9,5,1119
7.9,0.54,0.34,2.5,76,8.0,17.0,99.235,3.2,0.72,13.1,8,1120
6.3,0.47,0.0,1.4,55,27.0,33.0,9.922,3.45,0.48,12.3,6,1122
8.8,0.24,0.35,1.7,55,13.0,27.0,9.939.399.999.999.990,3.14,0.59,11.3,7,1125
6.3,0.76,0.0,2.9,7.200.000.000.000.000,26.0,52.0,99.379,3.51,0.6,11.5,6,1127
10.0,0.43,0.33,2.7,95,28.0,89.0,9.984,3.22,0.68,10.0,5,1128
9.1,0.6,0.0,1.9,57.999.999.999.999.900,5.0,10.0,9.977,3.18,0.63,10.4,6,1130
7.4,0.36,0.34,1.8,75,18.0,38.0,9.933,3.38,0.88,13.6,7,1132
7.2,0.48,0.07,5.5,8.900.000.000.000.000,10.0,18.0,99.684,3.37,0.68,11.2,7,1133
8.5,0.28,0.35,1.7,61,6.0,15.0,99.524,3.3,0.74,11.8,7,1134
8.0,0.25,0.43,1.7,67,22.0,50.0,9.946,3.38,0.6,11.9,6,1135
10.4,0.52,0.45,2.0,0.08,6.0,13.0,99.774,3.22,0.76,11.4,6,1136
7.5,0.41,0.15,3.7,10.400.000.000.000.000,29.0,94.0,9.978.600.000.000.000,3.14,0.58,9.1,5,1138
8.2,0.51,0.24,2.0,79,16.0,86.0,99.764,3.34,0.64,9.5,6,1139
7.3,0.4,0.3,1.7,0.08,33.0,79.0,9.969,3.41,0.65,9.5,6,1140
8.2,0.38,0.32,2.5,0.08,24.0,71.0,99.624,3.27,0.85,11.0,6,1141
6.9,0.45,0.11,2.4,43,6.0,12.0,99.354,3.3,0.65,11.4,6,1142
7.0,0.22,0.3,1.8,65,16.0,20.0,99.672,3.61,0.82,10.0,6,1143
7.3,0.32,0.23,2.3,66,35.0,70.0,9.958.799.999.999.990,3.43,0.62,10.1,5,1144
8.2,0.2,0.43,2.5,76,31.0,51.0,99.672,3.53,0.81,10.4,6,1145
7.8,0.5,0.12,1.8,17.800.000.000.000.000,6.0,21.0,996,3.28,0.87,9.8,6,1146
10.0,0.41,0.45,6.2,71,6.0,14.0,99.702,3.21,0.49,11.8,7,1147
7.8,0.39,0.42,2.0,86,9.0,21.0,99.526,3.39,0.66,11.6,6,1148
10.0,0.35,0.47,2.0,61,6.0,11.0,99.585,3.23,0.52,12.0,6,1149
6.1,0.58,0.23,2.5,44.000.000.000.000.000,16.0,70.0,9.935.200.000.000.000,3.46,0.65,12.5,6,1151
8.3,0.6,0.25,2.2,11.800.000.000.000.000,9.0,38.0,99.616,3.15,0.53,9.8,5,1152
9.6,0.42,0.35,2.1,83,17.0,38.0,9.962.200.000.000.000,3.23,0.66,11.1,6,1153
8.3,0.6,0.25,2.2,11.800.000.000.000.000,9.0,38.0,99.616,3.15,0.53,9.8,5,1155
8.5,0.18,0.51,1.75,71,45.0,88.0,99.524,3.33,0.76,11.8,7,1156
5.1,0.51,0.18,2.1,42,16.0,101.0,9.924,3.46,0.87,12.9,7,1157
8.5,0.32,0.42,2.3,75,12.0,19.0,99.434,3.14,0.71,11.8,7,1162
9.0,785,0.24,1.7,78,10.0,21.0,99.692,3.29,0.67,10.0,5,1164
8.2,0.33,0.39,2.5,7.400.000.000.000.000,29.0,48.0,9.952.799.999.999.990,3.32,0.88,12.4,7,1167
6.5,0.34,0.27,2.8,67,8.0,44.0,99.384,3.21,0.56,12.0,6,1168
7.6,0.5,0.29,2.3,86,5.0,14.0,9.950.200.000.000.000,3.32,0.62,11.5,6,1169
9.2,0.36,0.34,1.6,62,5.0,12.0,9.966.700.000.000.000,3.2,0.67,10.5,6,1170
9.7,0.42,0.46,2.1,7.400.000.000.000.000,5.0,16.0,99.649,3.27,0.74,12.3,6,1172
7.6,0.36,0.31,1.7,79,26.0,65.0,99.716,3.46,0.62,9.5,6,1173
7.6,0.36,0.31,1.7,79,26.0,65.0,99.716,3.46,0.62,9.5,6,1174
6.5,0.61,0.0,2.2,95,48.0,59.0,99.541,3.61,0.7,11.5,6,1175
6.5,0.88,0.03,5.6,79,23.0,47.0,99.572,3.58,0.5,11.2,4,1176
5.6,915,0.0,2.1,40.999.999.999.999.900,17.0,78.0,99.346,3.68,0.73,11.4,5,1178
8.2,0.35,0.33,2.4,76,11.0,47.0,9.959.899.999.999.990,3.27,0.81,11.0,6,1179
9.8,0.39,0.43,1.65,68,5.0,11.0,9.947.799.999.999.990,3.19,0.46,11.4,5,1181
6.8,0.66,0.07,1.6,0.07,16.0,61.0,99.572,3.29,0.6,9.3,5,1183
6.7,0.64,0.23,2.1,0.08,11.0,119.0,9.953.799.999.999.990,3.36,0.7,10.9,5,1184
6.7,0.64,0.23,2.1,0.08,11.0,119.0,9.953.799.999.999.990,3.36,0.7,10.9,5,1188
8.8,955,0.05,1.8,75,5.0,19.0,99.616,3.3,0.44,9.6,4,1189
9.1,0.4,0.57,4.6,0.08,6.0,20.0,9.965.200.000.000.000,3.28,0.57,12.5,6,1190
6.5,885,0.0,2.3,166,6.0,12.0,99.551,3.56,0.51,10.8,5,1191
7.2,0.25,0.37,2.5,63,11.0,41.0,99.439,3.52,0.8,12.4,7,1192
7.0,745,0.12,1.8,114,15.0,64.0,9.958.799.999.999.990,3.22,0.59,9.5,6,1194
6.2,0.43,0.22,1.8,78,21.0,56.0,9.963.299.999.999.990,3.52,0.6,9.5,6,1195
7.7,0.57,0.21,1.5,69,4.0,9.0,9.945.799.999.999.990,3.16,0.54,9.8,6,1197
7.7,0.26,0.26,2.0,52.000.000.000.000.000,19.0,77.0,9.951,3.15,0.79,10.9,6,1198
7.9,0.58,0.23,2.3,76,23.0,94.0,9.968.600.000.000.000,3.21,0.58,9.5,6,1199
7.7,0.57,0.21,1.5,69,4.0,9.0,9.945.799.999.999.990,3.16,0.54,9.8,6,1200
7.9,0.34,0.36,1.9,65,5.0,10.0,99.419,3.27,0.54,11.2,7,1201
8.6,0.42,0.39,1.8,68,6.0,12.0,99.516,3.35,0.69,11.7,8,1202
9.9,0.74,0.19,5.8,111,33.0,76.0,9.987.799.999.999.990,3.14,0.55,9.4,5,1203
7.2,0.36,0.46,2.1,7.400.000.000.000.000,24.0,44.0,99.534,3.4,0.85,11.0,7,1204
7.2,0.36,0.46,2.1,7.400.000.000.000.000,24.0,44.0,99.534,3.4,0.85,11.0,7,1206
9.9,0.72,0.55,1.7,136,24.0,52.0,9.975.200.000.000.000,3.35,0.94,10.0,5,1207
7.2,0.36,0.46,2.1,7.400.000.000.000.000,24.0,44.0,99.534,3.4,0.85,11.0,7,1208
6.2,0.39,0.43,2.0,71,14.0,24.0,9.942.799.999.999.990,3.45,0.87,11.2,7,1209
6.8,0.65,0.02,2.1,78,8.0,15.0,99.498,3.35,0.62,10.4,6,1210
6.8,0.65,0.02,2.1,78,8.0,15.0,99.498,3.35,0.62,10.4,6,1212
10.2,0.33,0.46,1.9,81,6.0,9.0,9.962.799.999.999.990,3.1,0.48,10.4,6,1214
7.9,0.57,0.31,2.0,79,10.0,79.0,99.677,3.29,0.69,9.5,6,1216
9.0,0.39,0.4,1.3,44.000.000.000.000.000,25.0,50.0,9.947.799.999.999.990,3.2,0.83,10.9,6,1219
10.9,0.32,0.52,1.8,132,17.0,44.0,99.734,3.28,0.77,11.5,6,1220
10.9,0.32,0.52,1.8,132,17.0,44.0,99.734,3.28,0.77,11.5,6,1221
12.6,0.39,0.49,2.5,0.08,8.0,20.0,9.992,03.07,0.82,10.3,6,1224
9.2,0.46,0.23,2.6,91,18.0,77.0,9.992.200.000.000.000,3.15,0.51,9.4,5,1225
7.5,0.58,0.03,4.1,0.08,27.0,46.0,99.592,03.02,0.47,9.2,5,1226
9.0,0.58,0.25,2.0,10.400.000.000.000.000,8.0,21.0,99.769,3.27,0.72,9.6,5,1227
5.1,0.42,0.0,1.8,44.000.000.000.000.000,18.0,88.0,9.915.700.000.000.000,3.68,0.73,13.6,7,1228
7.6,0.43,0.29,2.1,75,19.0,66.0,99.718,3.4,0.64,9.5,5,1229
7.7,0.18,0.34,2.7,66,15.0,58.0,9.947,3.37,0.78,11.8,6,1230
7.8,815,0.01,2.6,7.400.000.000.000.000,48.0,90.0,99.621,3.38,0.62,10.8,5,1231
7.6,0.43,0.29,2.1,75,19.0,66.0,99.718,3.4,0.64,9.5,5,1232
7.1,0.75,0.01,2.2,59.000.000.000.000.000,11.0,18.0,9.924.200.000.000.000,3.39,0.4,12.8,6,1234
7.8,0.55,0.0,1.7,0.07,7.0,17.0,99.659,3.26,0.64,9.4,6,1236
7.1,0.75,0.01,2.2,59.000.000.000.000.000,11.0,18.0,9.924.200.000.000.000,3.39,0.4,12.8,6,1237
8.1,0.73,0.0,2.5,81,12.0,24.0,99.798,3.38,0.46,9.6,4,1238
6.5,0.67,0.0,4.3,57,11.0,20.0,9.948.799.999.999.990,3.45,0.56,11.8,4,1239
7.5,0.61,0.2,1.7,76,36.0,60.0,9.949.399.999.999.990,3.1,0.4,9.3,5,1240
8.3,0.56,0.22,2.4,8.199.999.999.999.990,10.0,86.0,9.983,3.37,0.62,9.5,5,1243
7.4,0.55,0.19,1.8,8.199.999.999.999.990,15.0,34.0,99.655,3.49,0.68,10.5,5,1245
7.4,0.74,0.07,1.7,86,15.0,48.0,9.950.200.000.000.000,3.12,0.48,10.0,5,1246
7.1,0.6,0.01,2.3,79,24.0,37.0,9.951.399.999.999.990,3.4,0.61,10.9,6,1250
7.5,0.58,0.14,2.2,77,27.0,60.0,9.963,3.28,0.59,9.8,5,1251
7.1,0.72,0.0,1.8,12.300.000.000.000.000,6.0,14.0,9.962.700.000.000.000,3.45,0.58,9.8,5,1252
7.9,0.66,0.0,1.4,96,6.0,13.0,99.569,3.43,0.58,9.5,5,1253
7.8,0.7,0.06,1.9,79,20.0,35.0,9.962.799.999.999.990,3.4,0.69,10.9,5,1254
7.5,0.59,0.22,1.8,8.199.999.999.999.990,43.0,60.0,9.949.899.999.999.990,3.1,0.42,9.2,5,1256
7.0,0.58,0.28,4.8,85,12.0,69.0,9.963.299.999.999.990,3.32,0.7,11.0,6,1257
6.8,0.64,0.0,2.7,12.300.000.000.000.000,15.0,33.0,9.953.799.999.999.990,3.44,0.63,11.3,6,1258
8.6,635,0.68,1.8,40.299.999.999.999.900,19.0,56.0,9.963.200.000.000.000,03.02,1.15,9.3,5,1260
6.3,01.02,0.0,2.0,83,17.0,24.0,9.943.700.000.000.000,3.59,0.55,11.2,4,1261
9.8,0.45,0.38,2.5,81,34.0,66.0,99.726,3.15,0.58,9.8,5,1262
8.5,0.37,0.32,1.8,66,26.0,51.0,99.456,3.38,0.72,11.8,6,1264
7.2,0.57,0.05,2.3,81,16.0,36.0,99.564,3.38,0.6,10.3,6,1265
7.2,0.57,0.05,2.3,81,16.0,36.0,99.564,3.38,0.6,10.3,6,1266
10.4,0.43,0.5,2.3,68,13.0,19.0,996,3.1,0.87,11.4,6,1267
6.9,0.41,0.31,2.0,79,21.0,51.0,9.966.799.999.999.990,3.47,0.55,9.5,6,1268
5.0,0.38,0.01,1.6,48,26.0,60.0,9.908.399.999.999.990,3.7,0.75,14.0,6,1270
7.3,0.44,0.2,1.6,49,24.0,64.0,9.935,3.38,0.57,11.7,6,1271
5.9,0.46,0.0,1.9,77,25.0,44.0,99.385,3.5,0.53,11.2,5,1272
7.5,0.58,0.2,2.0,73,34.0,44.0,9.949.399.999.999.990,3.1,0.43,9.3,5,1273
7.8,0.58,0.13,2.1,102,17.0,36.0,9.944,3.24,0.53,11.2,6,1274
8.0,715,0.22,2.3,75,13.0,81.0,9.968.799.999.999.990,3.24,0.54,9.5,6,1275
8.5,0.4,0.4,6.3,0.05,3.0,10.0,99.566,3.28,0.56,12.0,4,1276
7.0,0.69,0.0,1.9,114,3.0,10.0,99.636,3.35,0.6,9.7,6,1277
8.0,715,0.22,2.3,75,13.0,81.0,9.968.799.999.999.990,3.24,0.54,9.5,6,1278
9.8,0.3,0.39,1.7,62,3.0,9.0,9.948,3.14,0.57,11.5,7,1279
7.1,0.46,0.2,1.9,77,28.0,54.0,9.956,3.37,0.64,10.4,6,1280
7.1,0.46,0.2,1.9,77,28.0,54.0,9.956,3.37,0.64,10.4,6,1281
7.9,765,0.0,2.0,84,9.0,22.0,9.961.899.999.999.990,3.33,0.68,10.9,6,1282
8.7,0.63,0.28,2.7,96,17.0,69.0,99.734,3.26,0.63,10.2,6,1283
7.0,0.42,0.19,2.3,71,18.0,36.0,9.947.600.000.000.000,3.39,0.56,10.9,5,1284
11.3,0.37,0.5,1.8,0.09,20.0,47.0,99.734,3.15,0.57,10.5,5,1285
7.0,0.6,0.3,4.5,68,20.0,110.0,9.991.399.999.999.990,3.3,1.17,10.2,5,1288
7.0,0.6,0.3,4.5,68,20.0,110.0,9.991.399.999.999.990,3.3,1.17,10.2,5,1289
7.6,0.74,0.0,1.9,0.1,6.0,12.0,99.521,3.36,0.59,11.0,5,1290
8.2,635,0.1,2.1,73,25.0,60.0,9.963.799.999.999.990,3.29,0.75,10.9,6,1291
5.9,395,0.13,2.4,55.999.999.999.999.900,14.0,28.0,9.936.200.000.000.000,3.62,0.67,12.4,6,1292
6.6,0.63,0.0,4.3,9.300.000.000.000.000,51.0,77.5,9.955.799.999.999.990,3.2,0.45,9.5,5,1296
7.2,0.53,0.14,2.1,64,15.0,29.0,99.323,3.35,0.61,12.1,6,1297
5.7,0.6,0.0,1.4,63,11.0,18.0,9.919.100.000.000.000,3.45,0.56,12.2,6,1298
7.6,1.58,0.0,2.1,13.699.999.999.999.900,5.0,9.0,9.947.600.000.000.000,3.5,0.4,10.9,3,1299
5.2,645,0.0,2.15,0.08,15.0,28.0,99.444,3.78,0.61,12.5,6,1300
6.7,0.86,0.07,2.0,0.1,20.0,57.0,99.598,3.6,0.74,11.7,6,1301
9.1,0.37,0.32,2.1,64,4.0,15.0,9.957.600.000.000.000,3.3,0.8,11.2,6,1302
7.6,0.79,0.21,2.3,87,21.0,68.0,9.955,3.12,0.44,9.2,5,1304
7.5,0.61,0.26,1.9,73,24.0,88.0,9.961.200.000.000.000,3.3,0.53,9.8,5,1305
9.7,0.69,0.32,2.5,8.800.000.000.000.000,22.0,91.0,9.979,3.29,0.62,10.1,5,1306
7.0,0.62,0.1,1.4,71,27.0,63.0,996,3.28,0.61,9.2,5,1309
6.5,0.51,0.15,3.0,64,12.0,27.0,9.929,3.33,0.59,12.8,6,1311
8.0,1.18,0.21,1.9,83,14.0,41.0,9.953.200.000.000.000,3.34,0.47,10.5,5,1312
7.5,0.63,0.27,2.0,83,17.0,91.0,99.616,3.26,0.58,9.8,6,1315
5.4,0.74,0.0,1.2,40.999.999.999.999.900,16.0,46.0,9.925.799.999.999.990,04.01,0.59,12.5,6,1316
9.1,0.76,0.68,1.7,414,18.0,64.0,9.965.200.000.000.000,2.9,1.33,9.1,6,1319
5.0,0.74,0.0,1.2,40.999.999.999.999.900,16.0,46.0,9.925.799.999.999.990,04.01,0.59,12.5,6,1321
9.1,0.34,0.42,1.8,57.999.999.999.999.900,9.0,18.0,99.392,3.18,0.55,11.4,5,1322
6.7,0.46,0.24,1.7,77,18.0,34.0,9.948,3.39,0.6,10.6,6,1324
6.7,0.46,0.24,1.7,77,18.0,34.0,9.948,3.39,0.6,10.6,6,1325
6.7,0.46,0.24,1.7,77,18.0,34.0,9.948,3.39,0.6,10.6,6,1326
6.7,0.46,0.24,1.7,77,18.0,34.0,9.948,3.39,0.6,10.6,6,1327
6.5,0.52,0.11,1.8,73,13.0,38.0,9.955,3.34,0.52,9.3,5,1328
7.4,0.6,0.26,2.1,83,17.0,91.0,99.616,3.29,0.56,9.8,6,1329
7.4,0.6,0.26,2.1,83,17.0,91.0,99.616,3.29,0.56,9.8,6,1330
7.8,0.87,0.26,3.8,107,31.0,67.0,9.966.799.999.999.990,3.26,0.46,9.2,5,1331
8.4,0.39,0.1,1.7,75,6.0,25.0,9.958.100.000.000.000,03.09,0.43,9.7,6,1332
9.1,775,0.22,2.2,79,12.0,48.0,9.976,3.18,0.51,9.6,5,1333
7.2,835,0.0,2.0,166,4.0,11.0,99.608,3.39,0.52,10.0,5,1334
6.6,0.58,0.02,2.4,69,19.0,40.0,99.387,3.38,0.66,12.6,6,1335
6.0,0.5,0.0,1.4,57,15.0,26.0,9.944.799.999.999.990,3.36,0.45,9.5,5,1336
6.0,0.5,0.0,1.4,57,15.0,26.0,9.944.799.999.999.990,3.36,0.45,9.5,5,1337
6.0,0.5,0.0,1.4,57,15.0,26.0,9.944.799.999.999.990,3.36,0.45,9.5,5,1338
7.5,0.51,0.02,1.7,84,13.0,31.0,9.953.799.999.999.990,3.36,0.54,10.5,6,1339
7.5,0.51,0.02,1.7,84,13.0,31.0,9.953.799.999.999.990,3.36,0.54,10.5,6,1340
7.5,0.51,0.02,1.7,84,13.0,31.0,9.953.799.999.999.990,3.36,0.54,10.5,6,1341
7.5,0.51,0.02,1.7,84,13.0,31.0,9.953.799.999.999.990,3.36,0.54,10.5,6,1343
11.5,0.42,0.48,2.6,77,8.0,20.0,9.985.200.000.000.000,03.09,0.53,11.0,5,1344
8.2,0.44,0.24,2.3,63,10.0,28.0,99.613,3.25,0.53,10.2,6,1345
6.1,0.59,0.01,2.1,55.999.999.999.999.900,5.0,13.0,99.472,3.52,0.56,11.4,5,1346
7.2,655,0.03,1.8,78,7.0,12.0,99.587,3.34,0.39,9.5,5,1347
7.2,0.62,0.01,2.3,65,8.0,46.0,9.933.200.000.000.000,3.32,0.51,11.8,6,1351
7.6,645,0.03,1.9,86,14.0,57.0,9.969,3.37,0.46,10.3,5,1353
6.1,0.32,0.25,1.8,86,5.0,32.0,99.464,3.36,0.44,10.1,5,1355
6.1,0.34,0.25,1.8,84,4.0,28.0,99.464,3.36,0.44,10.1,5,1356
7.3,0.43,0.24,2.5,78,27.0,67.0,9.964.799.999.999.990,3.6,0.59,11.1,6,1357
7.4,0.64,0.17,5.4,168,52.0,98.0,99.736,3.28,0.5,9.5,5,1358
11.6,475,0.4,1.4,91,6.0,28.0,9.970.399.999.999.990,03.07,0.65,100.333.333.333.333,6,1359
8.3,0.85,0.14,2.5,9.300.000.000.000.000,13.0,54.0,99.724,3.36,0.54,10.1,5,1361
11.6,475,0.4,1.4,91,6.0,28.0,9.970.399.999.999.990,03.07,0.65,100.333.333.333.333,6,1362
7.2,605,0.02,1.9,96,10.0,31.0,995,3.46,0.53,11.8,6,1364
7.3,0.74,0.08,1.7,94,10.0,45.0,9.957.600.000.000.000,3.24,0.5,9.8,5,1366
6.9,0.54,0.3,2.2,8.800.000.000.000.000,9.0,105.0,99.725,3.25,1.18,10.5,6,1367
8.0,0.77,0.32,2.1,79,16.0,74.0,99.656,3.27,0.5,9.8,6,1368
8.7,0.78,0.51,1.7,415,12.0,66.0,99.623,3.0,1.17,9.2,5,1370
7.5,0.58,0.56,3.1,153,5.0,14.0,9.947.600.000.000.000,3.21,01.03,11.6,6,1371
8.7,0.78,0.51,1.7,415,12.0,66.0,99.623,3.0,1.17,9.2,5,1372
8.2,885,0.2,1.4,86,7.0,31.0,9.946,3.11,0.46,10.0,5,1376
7.2,0.45,0.15,2.0,78,10.0,28.0,9.960.899.999.999.990,3.29,0.51,9.9,6,1378
7.5,0.57,0.02,2.6,77,11.0,35.0,9.955.700.000.000.000,3.36,0.62,10.8,6,1379
7.5,0.57,0.02,2.6,77,11.0,35.0,9.955.700.000.000.000,3.36,0.62,10.8,6,1380
8.0,0.6,0.22,2.1,0.08,25.0,105.0,99.613,3.3,0.49,9.9,5,1382
8.0,0.6,0.22,2.1,0.08,25.0,105.0,99.613,3.3,0.49,9.9,5,1383
7.1,755,0.15,1.8,107,20.0,84.0,99.593,3.19,0.5,9.5,5,1384
8.0,0.81,0.25,3.4,76,34.0,85.0,9.966.799.999.999.990,3.19,0.42,9.2,5,1385
7.4,0.64,0.07,1.8,0.1,8.0,23.0,9.961,3.3,0.58,9.6,5,1386
6.6,0.64,0.31,6.1,83,7.0,49.0,99.718,3.35,0.68,10.3,5,1388
6.0,0.49,0.0,2.3,68,15.0,33.0,99.292,3.58,0.59,12.5,6,1390
8.0,0.64,0.22,2.4,94,5.0,33.0,9.961.200.000.000.000,3.37,0.58,11.0,5,1391
7.1,0.62,0.06,1.3,0.07,5.0,12.0,9.942,3.17,0.48,9.8,5,1392
8.0,0.52,0.25,2.0,78,19.0,59.0,9.961.200.000.000.000,3.3,0.48,10.2,5,1393
8.6,685,0.1,1.6,92,3.0,12.0,99.745,3.31,0.65,9.55,6,1395
8.7,675,0.1,1.6,0.09,4.0,11.0,99.745,3.31,0.65,9.55,5,1396
7.3,0.59,0.26,2.0,0.08,17.0,104.0,99.584,3.28,0.52,9.9,5,1397
7.2,0.67,0.0,2.2,68,10.0,24.0,9.956,3.42,0.72,11.1,6,1399
7.9,0.69,0.21,2.1,0.08,33.0,141.0,9.962,3.25,0.51,9.9,5,1400
7.6,0.3,0.42,2.0,52.000.000.000.000.000,6.0,24.0,9.963,3.44,0.82,11.9,6,1402
7.2,0.33,0.33,1.7,61,3.0,13.0,996,3.23,1.1,10.0,8,1403
8.0,0.5,0.39,2.6,8.199.999.999.999.990,12.0,46.0,9.985,3.43,0.62,10.7,6,1404
8.2,0.24,0.34,5.1,62,8.0,22.0,9.974,3.22,0.94,10.9,6,1406
6.0,0.51,0.0,2.1,64,40.0,54.0,995,3.54,0.93,10.7,6,1407
8.1,0.29,0.36,2.2,48,35.0,53.0,995,3.27,01.01,12.4,7,1408
6.0,0.51,0.0,2.1,64,40.0,54.0,995,3.54,0.93,10.7,6,1409
6.6,0.96,0.0,1.8,8.199.999.999.999.990,5.0,16.0,9.936,3.5,0.44,11.9,6,1410
6.4,0.47,0.4,2.4,71,8.0,19.0,9.963,3.56,0.73,10.6,6,1411
8.2,0.24,0.34,5.1,62,8.0,22.0,9.974,3.22,0.94,10.9,6,1412
9.9,0.57,0.25,2.0,10.400.000.000.000.000,12.0,89.0,9.963,03.04,0.9,10.1,5,1413
10.0,0.32,0.59,2.2,77,3.0,15.0,9.994,3.2,0.78,9.6,5,1414
6.2,0.58,0.0,1.6,65,8.0,18.0,9.966,3.56,0.84,9.4,5,1415
10.0,0.32,0.59,2.2,77,3.0,15.0,9.994,3.2,0.78,9.6,5,1416
7.3,0.34,0.33,2.5,64,21.0,37.0,9.952,3.35,0.77,12.1,7,1417
7.8,0.53,0.01,1.6,77,3.0,19.0,995,3.16,0.46,9.8,5,1418
7.7,0.64,0.21,2.2,77,32.0,133.0,9.956,3.27,0.45,9.9,5,1419
7.8,0.53,0.01,1.6,77,3.0,19.0,995,3.16,0.46,9.8,5,1420
7.5,0.4,0.18,1.6,79,24.0,58.0,9.965,3.34,0.58,9.4,5,1421
7.0,0.54,0.0,2.1,79,39.0,55.0,9.956,3.39,0.84,11.4,6,1422
6.4,0.53,0.09,3.9,12.300.000.000.000.000,14.0,31.0,9.968,3.5,0.67,11.0,4,1423
7.6,0.41,0.33,2.5,78,6.0,23.0,9.957,3.3,0.58,11.2,5,1427
7.8,0.64,0.0,1.9,7.200.000.000.000.000,27.0,55.0,9.962,3.31,0.63,11.0,5,1428
7.9,0.18,0.4,2.2,49,38.0,67.0,996,3.33,0.93,11.3,5,1429
7.4,0.41,0.24,1.8,66,18.0,47.0,9.956,3.37,0.62,10.4,5,1430
7.6,0.43,0.31,2.1,69,13.0,74.0,9.958,3.26,0.54,9.9,6,1431
6.1,0.4,0.16,1.8,69,11.0,25.0,9.955,3.42,0.74,10.1,7,1433
10.2,0.54,0.37,15.4,214,55.0,95.0,100.369,3.18,0.77,9.0,6,1434
10.0,0.38,0.38,1.6,16.899.999.999.999.900,27.0,90.0,9.991.399.999.999.990,3.15,0.65,8.5,5,1436
6.8,915,0.29,4.8,0.07,15.0,39.0,99.577,3.53,0.54,11.1,5,1437
7.0,0.59,0.0,1.7,52.000.000.000.000.000,3.0,8.0,996,3.41,0.47,10.3,5,1438
7.3,0.67,0.02,2.2,7.200.000.000.000.000,31.0,92.0,99.566,3.32,0.68,11.066.666.666.666.600,6,1439
6.9,0.58,0.2,1.75,57.999.999.999.999.900,8.0,22.0,9.932.200.000.000.000,3.38,0.49,11.7,5,1443
7.4,785,0.19,5.2,94,19.0,98.0,99.713,3.16,0.52,9.6,6,1445
6.8,0.67,0.0,1.9,0.08,22.0,39.0,9.970.100.000.000.000,3.4,0.74,9.7,5,1447
7.2,0.38,0.31,2.0,55.999.999.999.999.900,15.0,29.0,99.472,3.23,0.76,11.3,8,1449
7.2,0.37,0.32,2.0,62,15.0,28.0,9.947,3.23,0.73,11.3,7,1450
7.8,0.32,0.44,2.7,10.400.000.000.000.000,8.0,17.0,9.973.200.000.000.000,3.33,0.78,11.0,7,1451
6.6,0.58,0.02,2.0,62,37.0,53.0,99.374,3.35,0.76,11.6,7,1452
11.7,0.45,0.63,2.2,73,7.0,23.0,99.974,3.21,0.69,10.9,6,1454
6.5,0.9,0.0,1.6,52.000.000.000.000.000,9.0,17.0,99.467,3.5,0.63,10.9,6,1455
7.6,0.49,0.33,1.9,7.400.000.000.000.000,27.0,85.0,9.970.600.000.000.000,3.41,0.58,9.0,5,1457
8.4,0.29,0.4,1.7,67,8.0,20.0,99.603,3.39,0.6,10.5,5,1458
7.9,0.2,0.35,1.7,54.000.000.000.000.000,7.0,15.0,9.945.799.999.999.990,3.32,0.8,11.9,7,1459
6.4,0.42,0.09,2.3,54.000.000.000.000.000,34.0,64.0,99.724,3.41,0.68,10.4,6,1460
6.2,785,0.0,2.1,0.06,6.0,13.0,99.664,3.59,0.61,10.0,4,1461
6.9,0.63,0.01,2.4,76,14.0,39.0,9.952.200.000.000.000,3.34,0.53,10.8,6,1463
6.8,0.59,0.1,1.7,63,34.0,53.0,9.958,3.41,0.67,9.7,5,1464
7.3,0.48,0.32,2.1,62,31.0,54.0,9.972.799.999.999.990,3.3,0.65,10.0,7,1466
6.7,01.04,0.08,2.3,67,19.0,32.0,9.964.799.999.999.990,3.52,0.57,11.0,4,1467
7.3,0.48,0.32,2.1,62,31.0,54.0,9.972.799.999.999.990,3.3,0.65,10.0,7,1468
7.3,0.98,0.05,2.1,61,20.0,49.0,99.705,3.31,0.55,9.7,3,1469
10.0,0.69,0.11,1.4,84,8.0,24.0,9.957.799.999.999.990,2.88,0.47,9.7,5,1470
6.7,0.7,0.08,3.75,67,8.0,16.0,99.334,3.43,0.52,12.6,5,1471
7.6,0.35,0.6,2.6,73,23.0,44.0,99.656,3.38,0.79,11.1,6,1472
6.1,0.6,0.08,1.8,71,14.0,45.0,99.336,3.38,0.54,11.0,5,1473
9.9,0.5,0.5,13.8,205,48.0,82.0,100.242,3.16,0.75,8.8,5,1474
5.3,0.47,0.11,2.2,48,16.0,89.0,99.182,3.54,0.88,13.566.666.666.666.600,7,1475
9.9,0.5,0.5,13.8,205,48.0,82.0,100.242,3.16,0.75,8.8,5,1476
5.3,0.47,0.11,2.2,48,16.0,89.0,99.182,3.54,0.88,13.6,7,1477
7.1,875,0.05,5.7,8.199.999.999.999.990,3.0,14.0,99.808,3.4,0.52,10.2,3,1478
8.2,0.28,0.6,3.0,10.400.000.000.000.000,10.0,22.0,99.828,3.39,0.68,10.6,5,1479
5.6,0.62,0.03,1.5,0.08,6.0,13.0,99.498,3.66,0.62,10.1,4,1480
8.2,0.28,0.6,3.0,10.400.000.000.000.000,10.0,22.0,99.828,3.39,0.68,10.6,5,1481
8.1,0.33,0.44,1.5,42,6.0,12.0,9.954.200.000.000.000,3.35,0.61,10.7,5,1483
7.0,655,0.16,2.1,7.400.000.000.000.000,8.0,25.0,9.960.600.000.000.000,3.37,0.55,9.7,5,1485
6.8,0.68,0.21,2.1,0.07,9.0,23.0,99.546,3.38,0.6,10.3,5,1486
6.0,0.64,0.05,1.9,66,9.0,17.0,9.949.600.000.000.000,3.52,0.78,10.6,5,1487
5.6,0.54,0.04,1.7,49,5.0,13.0,9.942,3.72,0.58,11.4,5,1488
7.1,0.22,0.49,1.8,39,8.0,18.0,99.344,3.39,0.56,12.4,6,1490
6.2,0.65,0.06,1.6,0.05,6.0,18.0,9.934.799.999.999.990,3.57,0.54,11.95,5,1492
7.7,0.54,0.26,1.9,8.900.000.000.000.000,23.0,147.0,99.636,3.26,0.59,9.7,5,1493
6.4,0.31,0.09,1.4,66,15.0,28.0,99.459,3.42,0.7,10.0,7,1494
7.0,0.43,0.02,1.9,0.08,15.0,28.0,99.492,3.35,0.81,10.6,6,1495
6.9,0.74,0.03,2.3,54.000.000.000.000.000,7.0,16.0,99.508,3.45,0.63,11.5,6,1497
6.9,0.74,0.03,2.3,54.000.000.000.000.000,7.0,16.0,99.508,3.45,0.63,11.5,6,1499
7.8,0.82,0.29,4.3,83,21.0,64.0,9.964.200.000.000.000,3.16,0.53,9.4,5,1501
6.2,0.44,0.39,2.5,77,6.0,14.0,99.555,3.51,0.69,11.0,6,1503
7.5,0.38,0.57,2.3,106,5.0,12.0,99.605,3.36,0.55,11.4,6,1504
6.7,0.76,0.02,1.8,78,6.0,12.0,996,3.55,0.63,9.95,3,1505
6.8,0.81,0.05,2.0,0.07,6.0,14.0,9.956.200.000.000.000,3.51,0.66,10.8,6,1506
7.5,0.38,0.57,2.3,106,5.0,12.0,99.605,3.36,0.55,11.4,6,1507
7.1,0.27,0.6,2.1,7.400.000.000.000.000,17.0,25.0,9.981.399.999.999.990,3.38,0.72,10.6,6,1508
7.9,0.18,0.4,1.8,62,7.0,20.0,9.941,3.28,0.7,11.1,5,1509
6.4,0.36,0.21,2.2,47,26.0,48.0,99.661,3.47,0.77,9.7,6,1510
7.1,0.69,0.04,2.1,68,19.0,27.0,9.971.200.000.000.000,3.44,0.67,9.8,5,1511
6.9,0.84,0.21,4.1,7.400.000.000.000.000,16.0,65.0,9.984.200.000.000.000,3.53,0.72,923.333.333.333.333,6,1514
6.9,0.84,0.21,4.1,7.400.000.000.000.000,16.0,65.0,9.984.200.000.000.000,3.53,0.72,9.25,6,1515
6.5,0.53,0.06,2.0,63,29.0,44.0,9.948.899.999.999.990,3.38,0.83,10.3,6,1517
7.4,0.47,0.46,2.2,114,7.0,20.0,9.964.700.000.000.000,3.32,0.63,10.5,5,1518
6.6,0.7,0.08,2.6,106,14.0,27.0,99.665,3.44,0.58,10.2,5,1519
6.1,0.32,0.25,2.3,71,23.0,58.0,9.963.299.999.999.990,3.42,0.97,10.6,5,1522
6.8,0.48,0.25,2.0,76,29.0,61.0,9.953,3.34,0.6,10.4,5,1523
6.7,0.48,0.08,2.1,64,18.0,34.0,9.955.200.000.000.000,3.33,0.64,9.7,5,1525
6.8,0.47,0.08,2.2,64,18.0,38.0,9.955.299.999.999.990,3.3,0.65,9.6,6,1526
7.9,0.29,0.49,2.2,96,21.0,59.0,9.971.399.999.999.990,3.31,0.67,10.1,6,1528
7.1,0.69,0.08,2.1,63,42.0,52.0,99.608,3.42,0.6,10.2,6,1529
6.6,0.44,0.09,2.2,63,9.0,18.0,99.444,3.42,0.69,11.3,6,1530
6.1,705,0.1,2.8,81,13.0,28.0,99.631,3.6,0.66,10.2,5,1531
7.2,0.53,0.13,2.0,57.999.999.999.999.900,18.0,22.0,9.957.299.999.999.990,3.21,0.68,9.9,6,1532
8.0,0.39,0.3,1.9,7.400.000.000.000.000,32.0,84.0,9.971.700.000.000.000,3.39,0.61,9.0,5,1533
6.6,0.56,0.14,2.4,64,13.0,29.0,99.397,3.42,0.62,11.7,7,1534
7.0,0.55,0.13,2.2,75,15.0,35.0,9.959,3.36,0.59,9.7,6,1535
6.2,0.64,0.09,2.5,81,15.0,26.0,9.953.799.999.999.990,3.57,0.63,12.0,5,1538
6.2,0.52,0.08,4.4,71,11.0,32.0,99.646,3.56,0.63,11.6,6,1540
8.4,0.37,0.43,2.3,63,12.0,19.0,9.955,3.17,0.81,11.2,7,1544
6.5,0.63,0.33,1.8,59.000.000.000.000.000,16.0,28.0,99.531,3.36,0.64,10.1,6,1545
7.0,0.57,0.02,2.0,7.200.000.000.000.000,17.0,26.0,99.575,3.36,0.61,10.2,5,1546
11.2,0.4,0.5,2.0,99,19.0,50.0,9.978.299.999.999.990,3.1,0.58,10.4,5,1548
7.4,0.36,0.3,1.8,7.400.000.000.000.000,17.0,24.0,99.419,3.24,0.7,11.4,8,1549
7.1,0.67,0.0,2.3,83,18.0,27.0,9.976.799.999.999.990,3.44,0.54,9.4,5,1551
6.3,0.68,0.01,3.7,10.300.000.000.000.000,32.0,54.0,9.958.600.000.000.000,3.51,0.66,11.3,6,1552
7.3,735,0.0,2.2,0.08,18.0,28.0,99.765,3.41,0.6,9.4,5,1553
7.0,0.56,0.17,1.7,65,15.0,24.0,9.951.399.999.999.990,3.44,0.68,10.55,7,1555
6.6,0.88,0.04,2.2,66,12.0,20.0,99.636,3.53,0.56,9.9,5,1556
6.6,855,0.02,2.4,62,15.0,23.0,9.962.700.000.000.000,3.54,0.6,11.0,6,1557
6.9,0.63,0.33,6.7,235,66.0,115.0,99.787,3.22,0.56,9.5,5,1558
7.8,0.6,0.26,2.0,0.08,31.0,131.0,9.962.200.000.000.000,3.21,0.52,9.9,5,1559
7.8,0.6,0.26,2.0,0.08,31.0,131.0,9.962.200.000.000.000,3.21,0.52,9.9,5,1560
7.8,0.6,0.26,2.0,0.08,31.0,131.0,9.962.200.000.000.000,3.21,0.52,9.9,5,1561
7.2,695,0.13,2.0,76,12.0,20.0,99.546,3.29,0.54,10.1,5,1562
7.2,695,0.13,2.0,76,12.0,20.0,99.546,3.29,0.54,10.1,5,1563
6.7,0.67,0.02,1.9,61,26.0,42.0,9.948.899.999.999.990,3.39,0.82,10.9,6,1565
6.7,0.16,0.64,2.1,59.000.000.000.000.000,24.0,52.0,9.949.399.999.999.990,3.34,0.71,11.2,6,1566
7.2,695,0.13,2.0,76,12.0,20.0,99.546,3.29,0.54,10.1,5,1567
7.0,0.56,0.13,1.6,77,25.0,42.0,99.629,3.34,0.59,9.2,5,1568
6.2,0.51,0.14,1.9,55.999.999.999.999.900,15.0,34.0,9.939.600.000.000.000,3.48,0.57,11.5,6,1569
6.4,0.36,0.53,2.2,0.23,19.0,35.0,9.934,3.37,0.93,12.4,6,1570
6.4,0.38,0.14,2.2,38,15.0,25.0,9.951.399.999.999.990,3.44,0.65,11.1,6,1571
7.3,0.69,0.32,2.2,69,35.0,104.0,9.963.200.000.000.000,3.33,0.51,9.5,5,1572
6.0,0.58,0.2,2.4,75,15.0,50.0,99.467,3.58,0.67,12.5,6,1573
7.5,0.52,0.4,2.2,0.06,12.0,20.0,99.474,3.26,0.64,11.8,6,1575
8.0,0.3,0.63,1.6,81,16.0,29.0,9.958.799.999.999.990,3.3,0.78,10.8,6,1576
6.2,0.7,0.15,5.1,76,13.0,27.0,9.962.200.000.000.000,3.54,0.6,11.9,6,1577
6.8,0.67,0.15,1.8,11.800.000.000.000.000,13.0,20.0,9.954,3.42,0.67,11.3,6,1578
7.4,0.35,0.33,2.4,68,9.0,26.0,9.947,3.36,0.6,11.9,6,1580
6.1,715,0.1,2.6,53,13.0,27.0,9.936.200.000.000.000,3.57,0.5,11.9,5,1582
6.2,0.46,0.29,2.1,7.400.000.000.000.000,32.0,98.0,9.957.799.999.999.990,3.33,0.62,9.8,5,1583
6.7,0.32,0.44,2.4,61,24.0,34.0,99.484,3.29,0.8,11.6,7,1584
7.5,0.31,0.41,2.4,65,34.0,60.0,99.492,3.34,0.85,11.4,6,1586
5.8,0.61,0.11,1.8,66,18.0,28.0,9.948.299.999.999.990,3.55,0.66,10.9,6,1587
6.3,0.55,0.15,1.8,77,26.0,35.0,9.931.399.999.999.990,3.32,0.82,11.6,6,1590
5.4,0.74,0.09,1.7,8.900.000.000.000.000,16.0,26.0,9.940.200.000.000.000,3.67,0.56,11.6,6,1591
6.3,0.51,0.13,2.3,76,29.0,40.0,99.574,3.42,0.75,11.0,6,1592
6.8,0.62,0.08,1.9,68,28.0,38.0,99.651,3.42,0.82,9.5,6,1593
6.2,0.6,0.08,2.0,0.09,32.0,44.0,9.949,3.45,0.58,10.5,5,1594
5.9,0.55,0.1,2.2,62,39.0,51.0,9.951.200.000.000.000,3.52,0.76,11.2,6,1595
5.9,645,0.12,2.0,75,32.0,44.0,9.954.700.000.000.000,3.57,0.71,10.2,5,1597